,y,x,Wind Resource Bins
0,41.75,-95.0,
1,41.75,-94.75,
2,41.75,-94.5,
3,41.75,-94.25,
4,41.75,-94.0,
5,41.75,-93.75,
6,41.75,-93.5,
7,41.75,-93.25,
8,41.75,-93.0,
9,41.75,-92.75,
10,41.75,-92.5,
11,41.75,-92.25,
12,41.75,-92.0,
13,41.75,-91.75,
14,41.75,-91.5,
15,41.75,-91.25,
16,41.75,-91.0,
17,41.75,-90.75,
18,41.75,-90.5,
19,41.75,-90.25,
20,41.75,-90.0,
21,41.75,-89.75,
22,41.75,-89.5,
23,41.75,-89.25,
24,41.75,-89.0,
25,41.75,-88.75,
26,41.75,-88.5,
27,41.75,-88.25,
28,41.75,-88.0,
29,41.75,-87.75,
30,41.75,-87.5,
31,41.75,-87.25,
32,41.75,-87.0,
33,41.75,-86.75,
34,41.75,-86.5,
35,41.75,-86.25,
36,41.75,-86.0,
37,41.75,-85.75,
38,41.75,-85.5,
39,41.75,-85.25,
40,41.75,-85.0,
41,41.75,-84.75,
42,41.75,-84.5,
43,41.75,-84.25,
44,41.75,-84.0,
45,41.75,-83.75,
46,41.75,-83.5,
47,41.75,-83.25,
48,41.75,-83.0,
49,41.75,-82.75,
50,41.75,-82.5,
51,41.75,-82.25,
52,41.75,-82.0,
53,41.75,-81.75,
54,41.75,-81.5,
55,41.75,-81.25,
56,41.75,-81.0,
57,41.75,-80.75,
58,41.75,-80.5,
59,41.75,-80.25,
60,41.75,-80.0,
61,41.75,-79.75,
62,41.75,-79.5,
63,41.75,-79.25,
64,41.75,-79.0,
65,41.75,-78.75,
66,41.75,-78.5,
67,41.75,-78.25,
68,41.75,-78.0,
69,41.75,-77.75,
70,41.75,-77.5,
71,41.75,-77.25,
72,41.75,-77.0,
73,41.75,-76.75,
74,41.75,-76.5,
75,41.75,-76.25,
76,41.75,-76.0,
77,41.75,-75.75,
78,41.75,-75.5,
79,41.75,-75.25,
80,41.75,-75.0,
81,41.75,-74.75,
82,41.75,-74.5,
83,42.0,-95.0,
84,42.0,-94.75,
85,42.0,-94.5,
86,42.0,-94.25,
87,42.0,-94.0,
88,42.0,-93.75,
89,42.0,-93.5,
90,42.0,-93.25,
91,42.0,-93.0,
92,42.0,-92.75,
93,42.0,-92.5,
94,42.0,-92.25,
95,42.0,-92.0,
96,42.0,-91.75,
97,42.0,-91.5,
98,42.0,-91.25,
99,42.0,-91.0,
100,42.0,-90.75,
101,42.0,-90.5,
102,42.0,-90.25,
103,42.0,-90.0,
104,42.0,-89.75,
105,42.0,-89.5,
106,42.0,-89.25,
107,42.0,-89.0,
108,42.0,-88.75,
109,42.0,-88.5,
110,42.0,-88.25,
111,42.0,-88.0,
112,42.0,-87.75,
113,42.0,-87.5,
114,42.0,-87.25,
115,42.0,-87.0,
116,42.0,-86.75,
117,42.0,-86.5,
118,42.0,-86.25,
119,42.0,-86.0,
120,42.0,-85.75,
121,42.0,-85.5,
122,42.0,-85.25,
123,42.0,-85.0,
124,42.0,-84.75,
125,42.0,-84.5,
126,42.0,-84.25,
127,42.0,-84.0,
128,42.0,-83.75,
129,42.0,-83.5,
130,42.0,-83.25,
131,42.0,-83.0,27.0
132,42.0,-82.75,25.0
133,42.0,-82.5,25.0
134,42.0,-82.25,
135,42.0,-82.0,
136,42.0,-81.75,
137,42.0,-81.5,
138,42.0,-81.25,
139,42.0,-81.0,
140,42.0,-80.75,
141,42.0,-80.5,
142,42.0,-80.25,
143,42.0,-80.0,
144,42.0,-79.75,
145,42.0,-79.5,
146,42.0,-79.25,
147,42.0,-79.0,
148,42.0,-78.75,
149,42.0,-78.5,
150,42.0,-78.25,
151,42.0,-78.0,
152,42.0,-77.75,
153,42.0,-77.5,
154,42.0,-77.25,
155,42.0,-77.0,
156,42.0,-76.75,
157,42.0,-76.5,
158,42.0,-76.25,
159,42.0,-76.0,
160,42.0,-75.75,
161,42.0,-75.5,
162,42.0,-75.25,
163,42.0,-75.0,
164,42.0,-74.75,
165,42.0,-74.5,
166,42.25,-95.0,
167,42.25,-94.75,
168,42.25,-94.5,
169,42.25,-94.25,
170,42.25,-94.0,
171,42.25,-93.75,
172,42.25,-93.5,
173,42.25,-93.25,
174,42.25,-93.0,
175,42.25,-92.75,
176,42.25,-92.5,
177,42.25,-92.25,
178,42.25,-92.0,
179,42.25,-91.75,
180,42.25,-91.5,
181,42.25,-91.25,
182,42.25,-91.0,
183,42.25,-90.75,
184,42.25,-90.5,
185,42.25,-90.25,
186,42.25,-90.0,
187,42.25,-89.75,
188,42.25,-89.5,
189,42.25,-89.25,
190,42.25,-89.0,
191,42.25,-88.75,
192,42.25,-88.5,
193,42.25,-88.25,
194,42.25,-88.0,
195,42.25,-87.75,
196,42.25,-87.5,
197,42.25,-87.25,
198,42.25,-87.0,
199,42.25,-86.75,
200,42.25,-86.5,
201,42.25,-86.25,
202,42.25,-86.0,
203,42.25,-85.75,
204,42.25,-85.5,
205,42.25,-85.25,
206,42.25,-85.0,
207,42.25,-84.75,
208,42.25,-84.5,
209,42.25,-84.25,
210,42.25,-84.0,
211,42.25,-83.75,
212,42.25,-83.5,
213,42.25,-83.25,
214,42.25,-83.0,33.0
215,42.25,-82.75,30.0
216,42.25,-82.5,28.0
217,42.25,-82.25,27.0
218,42.25,-82.0,
219,42.25,-81.75,
220,42.25,-81.5,
221,42.25,-81.25,
222,42.25,-81.0,
223,42.25,-80.75,
224,42.25,-80.5,
225,42.25,-80.25,
226,42.25,-80.0,
227,42.25,-79.75,
228,42.25,-79.5,
229,42.25,-79.25,
230,42.25,-79.0,
231,42.25,-78.75,
232,42.25,-78.5,
233,42.25,-78.25,
234,42.25,-78.0,
235,42.25,-77.75,
236,42.25,-77.5,
237,42.25,-77.25,
238,42.25,-77.0,
239,42.25,-76.75,
240,42.25,-76.5,
241,42.25,-76.25,
242,42.25,-76.0,
243,42.25,-75.75,
244,42.25,-75.5,
245,42.25,-75.25,
246,42.25,-75.0,
247,42.25,-74.75,
248,42.25,-74.5,
249,42.5,-95.0,
250,42.5,-94.75,
251,42.5,-94.5,
252,42.5,-94.25,
253,42.5,-94.0,
254,42.5,-93.75,
255,42.5,-93.5,
256,42.5,-93.25,
257,42.5,-93.0,
258,42.5,-92.75,
259,42.5,-92.5,
260,42.5,-92.25,
261,42.5,-92.0,
262,42.5,-91.75,
263,42.5,-91.5,
264,42.5,-91.25,
265,42.5,-91.0,
266,42.5,-90.75,
267,42.5,-90.5,
268,42.5,-90.25,
269,42.5,-90.0,
270,42.5,-89.75,
271,42.5,-89.5,
272,42.5,-89.25,
273,42.5,-89.0,
274,42.5,-88.75,
275,42.5,-88.5,
276,42.5,-88.25,
277,42.5,-88.0,
278,42.5,-87.75,
279,42.5,-87.5,
280,42.5,-87.25,
281,42.5,-87.0,
282,42.5,-86.75,
283,42.5,-86.5,
284,42.5,-86.25,
285,42.5,-86.0,
286,42.5,-85.75,
287,42.5,-85.5,
288,42.5,-85.25,
289,42.5,-85.0,
290,42.5,-84.75,
291,42.5,-84.5,
292,42.5,-84.25,
293,42.5,-84.0,
294,42.5,-83.75,
295,42.5,-83.5,
296,42.5,-83.25,
297,42.5,-83.0,
298,42.5,-82.75,
299,42.5,-82.5,31.0
300,42.5,-82.25,31.0
301,42.5,-82.0,30.0
302,42.5,-81.75,27.0
303,42.5,-81.5,24.0
304,42.5,-81.25,
305,42.5,-81.0,
306,42.5,-80.75,
307,42.5,-80.5,
308,42.5,-80.25,
309,42.5,-80.0,
310,42.5,-79.75,
311,42.5,-79.5,
312,42.5,-79.25,
313,42.5,-79.0,
314,42.5,-78.75,
315,42.5,-78.5,
316,42.5,-78.25,
317,42.5,-78.0,
318,42.5,-77.75,
319,42.5,-77.5,
320,42.5,-77.25,
321,42.5,-77.0,
322,42.5,-76.75,
323,42.5,-76.5,
324,42.5,-76.25,
325,42.5,-76.0,
326,42.5,-75.75,
327,42.5,-75.5,
328,42.5,-75.25,
329,42.5,-75.0,
330,42.5,-74.75,
331,42.5,-74.5,
332,42.75,-95.0,
333,42.75,-94.75,
334,42.75,-94.5,
335,42.75,-94.25,
336,42.75,-94.0,
337,42.75,-93.75,
338,42.75,-93.5,
339,42.75,-93.25,
340,42.75,-93.0,
341,42.75,-92.75,
342,42.75,-92.5,
343,42.75,-92.25,
344,42.75,-92.0,
345,42.75,-91.75,
346,42.75,-91.5,
347,42.75,-91.25,
348,42.75,-91.0,
349,42.75,-90.75,
350,42.75,-90.5,
351,42.75,-90.25,
352,42.75,-90.0,
353,42.75,-89.75,
354,42.75,-89.5,
355,42.75,-89.25,
356,42.75,-89.0,
357,42.75,-88.75,
358,42.75,-88.5,
359,42.75,-88.25,
360,42.75,-88.0,
361,42.75,-87.75,
362,42.75,-87.5,
363,42.75,-87.25,
364,42.75,-87.0,
365,42.75,-86.75,
366,42.75,-86.5,
367,42.75,-86.25,
368,42.75,-86.0,
369,42.75,-85.75,
370,42.75,-85.5,
371,42.75,-85.25,
372,42.75,-85.0,
373,42.75,-84.75,
374,42.75,-84.5,
375,42.75,-84.25,
376,42.75,-84.0,
377,42.75,-83.75,
378,42.75,-83.5,
379,42.75,-83.25,
380,42.75,-83.0,
381,42.75,-82.75,
382,42.75,-82.5,34.0
383,42.75,-82.25,35.0
384,42.75,-82.0,33.0
385,42.75,-81.75,33.0
386,42.75,-81.5,29.0
387,42.75,-81.25,28.0
388,42.75,-81.0,29.0
389,42.75,-80.75,29.0
390,42.75,-80.5,29.0
391,42.75,-80.25,29.0
392,42.75,-80.0,
393,42.75,-79.75,
394,42.75,-79.5,
395,42.75,-79.25,
396,42.75,-79.0,
397,42.75,-78.75,
398,42.75,-78.5,
399,42.75,-78.25,
400,42.75,-78.0,
401,42.75,-77.75,
402,42.75,-77.5,
403,42.75,-77.25,
404,42.75,-77.0,
405,42.75,-76.75,
406,42.75,-76.5,
407,42.75,-76.25,
408,42.75,-76.0,
409,42.75,-75.75,
410,42.75,-75.5,
411,42.75,-75.25,
412,42.75,-75.0,
413,42.75,-74.75,
414,42.75,-74.5,
415,43.0,-95.0,
416,43.0,-94.75,
417,43.0,-94.5,
418,43.0,-94.25,
419,43.0,-94.0,
420,43.0,-93.75,
421,43.0,-93.5,
422,43.0,-93.25,
423,43.0,-93.0,
424,43.0,-92.75,
425,43.0,-92.5,
426,43.0,-92.25,
427,43.0,-92.0,
428,43.0,-91.75,
429,43.0,-91.5,
430,43.0,-91.25,
431,43.0,-91.0,
432,43.0,-90.75,
433,43.0,-90.5,
434,43.0,-90.25,
435,43.0,-90.0,
436,43.0,-89.75,
437,43.0,-89.5,
438,43.0,-89.25,
439,43.0,-89.0,
440,43.0,-88.75,
441,43.0,-88.5,
442,43.0,-88.25,
443,43.0,-88.0,
444,43.0,-87.75,
445,43.0,-87.5,
446,43.0,-87.25,
447,43.0,-87.0,
448,43.0,-86.75,
449,43.0,-86.5,
450,43.0,-86.25,
451,43.0,-86.0,
452,43.0,-85.75,
453,43.0,-85.5,
454,43.0,-85.25,
455,43.0,-85.0,
456,43.0,-84.75,
457,43.0,-84.5,
458,43.0,-84.25,
459,43.0,-84.0,
460,43.0,-83.75,
461,43.0,-83.5,
462,43.0,-83.25,
463,43.0,-83.0,
464,43.0,-82.75,
465,43.0,-82.5,
466,43.0,-82.25,31.0
467,43.0,-82.0,31.0
468,43.0,-81.75,33.0
469,43.0,-81.5,
470,43.0,-81.25,35.0
471,43.0,-81.0,35.0
472,43.0,-80.75,
473,43.0,-80.5,
474,43.0,-80.25,
475,43.0,-80.0,
476,43.0,-79.75,32.0
477,43.0,-79.5,28.0
478,43.0,-79.25,28.0
479,43.0,-79.0,32.0
480,43.0,-78.75,
481,43.0,-78.5,
482,43.0,-78.25,
483,43.0,-78.0,
484,43.0,-77.75,
485,43.0,-77.5,
486,43.0,-77.25,
487,43.0,-77.0,
488,43.0,-76.75,
489,43.0,-76.5,
490,43.0,-76.25,
491,43.0,-76.0,
492,43.0,-75.75,
493,43.0,-75.5,
494,43.0,-75.25,
495,43.0,-75.0,
496,43.0,-74.75,
497,43.0,-74.5,
498,43.25,-95.0,
499,43.25,-94.75,
500,43.25,-94.5,
501,43.25,-94.25,
502,43.25,-94.0,
503,43.25,-93.75,
504,43.25,-93.5,
505,43.25,-93.25,
506,43.25,-93.0,
507,43.25,-92.75,
508,43.25,-92.5,
509,43.25,-92.25,
510,43.25,-92.0,
511,43.25,-91.75,
512,43.25,-91.5,
513,43.25,-91.25,
514,43.25,-91.0,
515,43.25,-90.75,
516,43.25,-90.5,
517,43.25,-90.25,
518,43.25,-90.0,
519,43.25,-89.75,
520,43.25,-89.5,
521,43.25,-89.25,
522,43.25,-89.0,
523,43.25,-88.75,
524,43.25,-88.5,
525,43.25,-88.25,
526,43.25,-88.0,
527,43.25,-87.75,
528,43.25,-87.5,
529,43.25,-87.25,
530,43.25,-87.0,
531,43.25,-86.75,
532,43.25,-86.5,
533,43.25,-86.25,
534,43.25,-86.0,
535,43.25,-85.75,
536,43.25,-85.5,
537,43.25,-85.25,
538,43.25,-85.0,
539,43.25,-84.75,
540,43.25,-84.5,
541,43.25,-84.25,
542,43.25,-84.0,
543,43.25,-83.75,
544,43.25,-83.5,
545,43.25,-83.25,
546,43.25,-83.0,
547,43.25,-82.75,
548,43.25,-82.5,
549,43.25,-82.25,
550,43.25,-82.0,
551,43.25,-81.75,28.0
552,43.25,-81.5,30.0
553,43.25,-81.25,35.0
554,43.25,-81.0,34.0
555,43.25,-80.75,35.0
556,43.25,-80.5,
557,43.25,-80.25,
558,43.25,-80.0,
559,43.25,-79.75,
560,43.25,-79.5,33.0
561,43.25,-79.25,32.0
562,43.25,-79.0,
563,43.25,-78.75,
564,43.25,-78.5,
565,43.25,-78.25,
566,43.25,-78.0,
567,43.25,-77.75,
568,43.25,-77.5,
569,43.25,-77.25,
570,43.25,-77.0,
571,43.25,-76.75,
572,43.25,-76.5,
573,43.25,-76.25,
574,43.25,-76.0,
575,43.25,-75.75,
576,43.25,-75.5,
577,43.25,-75.25,
578,43.25,-75.0,
579,43.25,-74.75,
580,43.25,-74.5,
581,43.5,-95.0,
582,43.5,-94.75,
583,43.5,-94.5,
584,43.5,-94.25,
585,43.5,-94.0,
586,43.5,-93.75,
587,43.5,-93.5,
588,43.5,-93.25,
589,43.5,-93.0,
590,43.5,-92.75,
591,43.5,-92.5,
592,43.5,-92.25,
593,43.5,-92.0,
594,43.5,-91.75,
595,43.5,-91.5,
596,43.5,-91.25,
597,43.5,-91.0,
598,43.5,-90.75,
599,43.5,-90.5,
600,43.5,-90.25,
601,43.5,-90.0,
602,43.5,-89.75,
603,43.5,-89.5,
604,43.5,-89.25,
605,43.5,-89.0,
606,43.5,-88.75,
607,43.5,-88.5,
608,43.5,-88.25,
609,43.5,-88.0,
610,43.5,-87.75,
611,43.5,-87.5,
612,43.5,-87.25,
613,43.5,-87.0,
614,43.5,-86.75,
615,43.5,-86.5,
616,43.5,-86.25,
617,43.5,-86.0,
618,43.5,-85.75,
619,43.5,-85.5,
620,43.5,-85.25,
621,43.5,-85.0,
622,43.5,-84.75,
623,43.5,-84.5,
624,43.5,-84.25,
625,43.5,-84.0,
626,43.5,-83.75,
627,43.5,-83.5,
628,43.5,-83.25,
629,43.5,-83.0,
630,43.5,-82.75,
631,43.5,-82.5,
632,43.5,-82.25,
633,43.5,-82.0,
634,43.5,-81.75,24.0
635,43.5,-81.5,28.0
636,43.5,-81.25,31.0
637,43.5,-81.0,33.0
638,43.5,-80.75,34.0
639,43.5,-80.5,35.0
640,43.5,-80.25,
641,43.5,-80.0,
642,43.5,-79.75,35.0
643,43.5,-79.5,
644,43.5,-79.25,
645,43.5,-79.0,
646,43.5,-78.75,
647,43.5,-78.5,
648,43.5,-78.25,
649,43.5,-78.0,
650,43.5,-77.75,
651,43.5,-77.5,
652,43.5,-77.25,
653,43.5,-77.0,
654,43.5,-76.75,
655,43.5,-76.5,
656,43.5,-76.25,
657,43.5,-76.0,
658,43.5,-75.75,
659,43.5,-75.5,
660,43.5,-75.25,
661,43.5,-75.0,
662,43.5,-74.75,
663,43.5,-74.5,
664,43.75,-95.0,
665,43.75,-94.75,
666,43.75,-94.5,
667,43.75,-94.25,
668,43.75,-94.0,
669,43.75,-93.75,
670,43.75,-93.5,
671,43.75,-93.25,
672,43.75,-93.0,
673,43.75,-92.75,
674,43.75,-92.5,
675,43.75,-92.25,
676,43.75,-92.0,
677,43.75,-91.75,
678,43.75,-91.5,
679,43.75,-91.25,
680,43.75,-91.0,
681,43.75,-90.75,
682,43.75,-90.5,
683,43.75,-90.25,
684,43.75,-90.0,
685,43.75,-89.75,
686,43.75,-89.5,
687,43.75,-89.25,
688,43.75,-89.0,
689,43.75,-88.75,
690,43.75,-88.5,
691,43.75,-88.25,
692,43.75,-88.0,
693,43.75,-87.75,
694,43.75,-87.5,
695,43.75,-87.25,
696,43.75,-87.0,
697,43.75,-86.75,
698,43.75,-86.5,
699,43.75,-86.25,
700,43.75,-86.0,
701,43.75,-85.75,
702,43.75,-85.5,
703,43.75,-85.25,
704,43.75,-85.0,
705,43.75,-84.75,
706,43.75,-84.5,
707,43.75,-84.25,
708,43.75,-84.0,
709,43.75,-83.75,
710,43.75,-83.5,
711,43.75,-83.25,
712,43.75,-83.0,
713,43.75,-82.75,
714,43.75,-82.5,
715,43.75,-82.25,
716,43.75,-82.0,
717,43.75,-81.75,22.0
718,43.75,-81.5,27.0
719,43.75,-81.25,31.0
720,43.75,-81.0,
721,43.75,-80.75,
722,43.75,-80.5,34.0
723,43.75,-80.25,34.0
724,43.75,-80.0,
725,43.75,-79.75,
726,43.75,-79.5,35.0
727,43.75,-79.25,29.0
728,43.75,-79.0,
729,43.75,-78.75,
730,43.75,-78.5,
731,43.75,-78.25,
732,43.75,-78.0,
733,43.75,-77.75,
734,43.75,-77.5,
735,43.75,-77.25,
736,43.75,-77.0,
737,43.75,-76.75,
738,43.75,-76.5,
739,43.75,-76.25,
740,43.75,-76.0,
741,43.75,-75.75,
742,43.75,-75.5,
743,43.75,-75.25,
744,43.75,-75.0,
745,43.75,-74.75,
746,43.75,-74.5,
747,44.0,-95.0,
748,44.0,-94.75,
749,44.0,-94.5,
750,44.0,-94.25,
751,44.0,-94.0,
752,44.0,-93.75,
753,44.0,-93.5,
754,44.0,-93.25,
755,44.0,-93.0,
756,44.0,-92.75,
757,44.0,-92.5,
758,44.0,-92.25,
759,44.0,-92.0,
760,44.0,-91.75,
761,44.0,-91.5,
762,44.0,-91.25,
763,44.0,-91.0,
764,44.0,-90.75,
765,44.0,-90.5,
766,44.0,-90.25,
767,44.0,-90.0,
768,44.0,-89.75,
769,44.0,-89.5,
770,44.0,-89.25,
771,44.0,-89.0,
772,44.0,-88.75,
773,44.0,-88.5,
774,44.0,-88.25,
775,44.0,-88.0,
776,44.0,-87.75,
777,44.0,-87.5,
778,44.0,-87.25,
779,44.0,-87.0,
780,44.0,-86.75,
781,44.0,-86.5,
782,44.0,-86.25,
783,44.0,-86.0,
784,44.0,-85.75,
785,44.0,-85.5,
786,44.0,-85.25,
787,44.0,-85.0,
788,44.0,-84.75,
789,44.0,-84.5,
790,44.0,-84.25,
791,44.0,-84.0,
792,44.0,-83.75,
793,44.0,-83.5,
794,44.0,-83.25,
795,44.0,-83.0,
796,44.0,-82.75,
797,44.0,-82.5,
798,44.0,-82.25,
799,44.0,-82.0,
800,44.0,-81.75,22.0
801,44.0,-81.5,27.0
802,44.0,-81.25,33.0
803,44.0,-81.0,
804,44.0,-80.75,34.0
805,44.0,-80.5,32.0
806,44.0,-80.25,33.0
807,44.0,-80.0,
808,44.0,-79.75,
809,44.0,-79.5,
810,44.0,-79.25,
811,44.0,-79.0,
812,44.0,-78.75,
813,44.0,-78.5,35.0
814,44.0,-78.25,33.0
815,44.0,-78.0,32.0
816,44.0,-77.75,30.0
817,44.0,-77.5,30.0
818,44.0,-77.25,32.0
819,44.0,-77.0,28.0
820,44.0,-76.75,
821,44.0,-76.5,
822,44.0,-76.25,
823,44.0,-76.0,
824,44.0,-75.75,
825,44.0,-75.5,
826,44.0,-75.25,
827,44.0,-75.0,
828,44.0,-74.75,
829,44.0,-74.5,
830,44.25,-95.0,
831,44.25,-94.75,
832,44.25,-94.5,
833,44.25,-94.25,
834,44.25,-94.0,
835,44.25,-93.75,
836,44.25,-93.5,
837,44.25,-93.25,
838,44.25,-93.0,
839,44.25,-92.75,
840,44.25,-92.5,
841,44.25,-92.25,
842,44.25,-92.0,
843,44.25,-91.75,
844,44.25,-91.5,
845,44.25,-91.25,
846,44.25,-91.0,
847,44.25,-90.75,
848,44.25,-90.5,
849,44.25,-90.25,
850,44.25,-90.0,
851,44.25,-89.75,
852,44.25,-89.5,
853,44.25,-89.25,
854,44.25,-89.0,
855,44.25,-88.75,
856,44.25,-88.5,
857,44.25,-88.25,
858,44.25,-88.0,
859,44.25,-87.75,
860,44.25,-87.5,
861,44.25,-87.25,
862,44.25,-87.0,
863,44.25,-86.75,
864,44.25,-86.5,
865,44.25,-86.25,
866,44.25,-86.0,
867,44.25,-85.75,
868,44.25,-85.5,
869,44.25,-85.25,
870,44.25,-85.0,
871,44.25,-84.75,
872,44.25,-84.5,
873,44.25,-84.25,
874,44.25,-84.0,
875,44.25,-83.75,
876,44.25,-83.5,
877,44.25,-83.25,
878,44.25,-83.0,
879,44.25,-82.75,
880,44.25,-82.5,
881,44.25,-82.25,
882,44.25,-82.0,
883,44.25,-81.75,
884,44.25,-81.5,26.0
885,44.25,-81.25,32.0
886,44.25,-81.0,
887,44.25,-80.75,35.0
888,44.25,-80.5,33.0
889,44.25,-80.25,33.0
890,44.25,-80.0,
891,44.25,-79.75,
892,44.25,-79.5,
893,44.25,-79.25,
894,44.25,-79.0,
895,44.25,-78.75,
896,44.25,-78.5,
897,44.25,-78.25,
898,44.25,-78.0,
899,44.25,-77.75,
900,44.25,-77.5,
901,44.25,-77.25,
902,44.25,-77.0,
903,44.25,-76.75,
904,44.25,-76.5,
905,44.25,-76.25,
906,44.25,-76.0,
907,44.25,-75.75,
908,44.25,-75.5,
909,44.25,-75.25,
910,44.25,-75.0,
911,44.25,-74.75,
912,44.25,-74.5,
913,44.5,-95.0,
914,44.5,-94.75,
915,44.5,-94.5,
916,44.5,-94.25,
917,44.5,-94.0,
918,44.5,-93.75,
919,44.5,-93.5,
920,44.5,-93.25,
921,44.5,-93.0,
922,44.5,-92.75,
923,44.5,-92.5,
924,44.5,-92.25,
925,44.5,-92.0,
926,44.5,-91.75,
927,44.5,-91.5,
928,44.5,-91.25,
929,44.5,-91.0,
930,44.5,-90.75,
931,44.5,-90.5,
932,44.5,-90.25,
933,44.5,-90.0,
934,44.5,-89.75,
935,44.5,-89.5,
936,44.5,-89.25,
937,44.5,-89.0,
938,44.5,-88.75,
939,44.5,-88.5,
940,44.5,-88.25,
941,44.5,-88.0,
942,44.5,-87.75,
943,44.5,-87.5,
944,44.5,-87.25,
945,44.5,-87.0,
946,44.5,-86.75,
947,44.5,-86.5,
948,44.5,-86.25,
949,44.5,-86.0,
950,44.5,-85.75,
951,44.5,-85.5,
952,44.5,-85.25,
953,44.5,-85.0,
954,44.5,-84.75,
955,44.5,-84.5,
956,44.5,-84.25,
957,44.5,-84.0,
958,44.5,-83.75,
959,44.5,-83.5,
960,44.5,-83.25,
961,44.5,-83.0,
962,44.5,-82.75,
963,44.5,-82.5,
964,44.5,-82.25,
965,44.5,-82.0,
966,44.5,-81.75,
967,44.5,-81.5,
968,44.5,-81.25,27.0
969,44.5,-81.0,34.0
970,44.5,-80.75,33.0
971,44.5,-80.5,31.0
972,44.5,-80.25,28.0
973,44.5,-80.0,33.0
974,44.5,-79.75,
975,44.5,-79.5,
976,44.5,-79.25,
977,44.5,-79.0,
978,44.5,-78.75,
979,44.5,-78.5,
980,44.5,-78.25,
981,44.5,-78.0,
982,44.5,-77.75,
983,44.5,-77.5,
984,44.5,-77.25,
985,44.5,-77.0,
986,44.5,-76.75,
987,44.5,-76.5,
988,44.5,-76.25,
989,44.5,-76.0,
990,44.5,-75.75,
991,44.5,-75.5,
992,44.5,-75.25,
993,44.5,-75.0,
994,44.5,-74.75,
995,44.5,-74.5,
996,44.75,-95.0,
997,44.75,-94.75,
998,44.75,-94.5,
999,44.75,-94.25,
1000,44.75,-94.0,
1001,44.75,-93.75,
1002,44.75,-93.5,
1003,44.75,-93.25,
1004,44.75,-93.0,
1005,44.75,-92.75,
1006,44.75,-92.5,
1007,44.75,-92.25,
1008,44.75,-92.0,
1009,44.75,-91.75,
1010,44.75,-91.5,
1011,44.75,-91.25,
1012,44.75,-91.0,
1013,44.75,-90.75,
1014,44.75,-90.5,
1015,44.75,-90.25,
1016,44.75,-90.0,
1017,44.75,-89.75,
1018,44.75,-89.5,
1019,44.75,-89.25,
1020,44.75,-89.0,
1021,44.75,-88.75,
1022,44.75,-88.5,
1023,44.75,-88.25,
1024,44.75,-88.0,
1025,44.75,-87.75,
1026,44.75,-87.5,
1027,44.75,-87.25,
1028,44.75,-87.0,
1029,44.75,-86.75,
1030,44.75,-86.5,
1031,44.75,-86.25,
1032,44.75,-86.0,
1033,44.75,-85.75,
1034,44.75,-85.5,
1035,44.75,-85.25,
1036,44.75,-85.0,
1037,44.75,-84.75,
1038,44.75,-84.5,
1039,44.75,-84.25,
1040,44.75,-84.0,
1041,44.75,-83.75,
1042,44.75,-83.5,
1043,44.75,-83.25,
1044,44.75,-83.0,
1045,44.75,-82.75,
1046,44.75,-82.5,
1047,44.75,-82.25,
1048,44.75,-82.0,
1049,44.75,-81.75,
1050,44.75,-81.5,
1051,44.75,-81.25,26.0
1052,44.75,-81.0,29.0
1053,44.75,-80.75,27.0
1054,44.75,-80.5,
1055,44.75,-80.25,
1056,44.75,-80.0,32.0
1057,44.75,-79.75,
1058,44.75,-79.5,
1059,44.75,-79.25,
1060,44.75,-79.0,
1061,44.75,-78.75,
1062,44.75,-78.5,
1063,44.75,-78.25,
1064,44.75,-78.0,
1065,44.75,-77.75,
1066,44.75,-77.5,
1067,44.75,-77.25,
1068,44.75,-77.0,
1069,44.75,-76.75,
1070,44.75,-76.5,
1071,44.75,-76.25,
1072,44.75,-76.0,
1073,44.75,-75.75,
1074,44.75,-75.5,
1075,44.75,-75.25,
1076,44.75,-75.0,
1077,44.75,-74.75,
1078,44.75,-74.5,
1079,45.0,-95.0,
1080,45.0,-94.75,
1081,45.0,-94.5,
1082,45.0,-94.25,
1083,45.0,-94.0,
1084,45.0,-93.75,
1085,45.0,-93.5,
1086,45.0,-93.25,
1087,45.0,-93.0,
1088,45.0,-92.75,
1089,45.0,-92.5,
1090,45.0,-92.25,
1091,45.0,-92.0,
1092,45.0,-91.75,
1093,45.0,-91.5,
1094,45.0,-91.25,
1095,45.0,-91.0,
1096,45.0,-90.75,
1097,45.0,-90.5,
1098,45.0,-90.25,
1099,45.0,-90.0,
1100,45.0,-89.75,
1101,45.0,-89.5,
1102,45.0,-89.25,
1103,45.0,-89.0,
1104,45.0,-88.75,
1105,45.0,-88.5,
1106,45.0,-88.25,
1107,45.0,-88.0,
1108,45.0,-87.75,
1109,45.0,-87.5,
1110,45.0,-87.25,
1111,45.0,-87.0,
1112,45.0,-86.75,
1113,45.0,-86.5,
1114,45.0,-86.25,
1115,45.0,-86.0,
1116,45.0,-85.75,
1117,45.0,-85.5,
1118,45.0,-85.25,
1119,45.0,-85.0,
1120,45.0,-84.75,
1121,45.0,-84.5,
1122,45.0,-84.25,
1123,45.0,-84.0,
1124,45.0,-83.75,
1125,45.0,-83.5,
1126,45.0,-83.25,
1127,45.0,-83.0,
1128,45.0,-82.75,
1129,45.0,-82.5,
1130,45.0,-82.25,
1131,45.0,-82.0,
1132,45.0,-81.75,
1133,45.0,-81.5,25.0
1134,45.0,-81.25,26.0
1135,45.0,-81.0,
1136,45.0,-80.75,
1137,45.0,-80.5,
1138,45.0,-80.25,
1139,45.0,-80.0,32.0
1140,45.0,-79.75,
1141,45.0,-79.5,
1142,45.0,-79.25,
1143,45.0,-79.0,
1144,45.0,-78.75,
1145,45.0,-78.5,
1146,45.0,-78.25,
1147,45.0,-78.0,
1148,45.0,-77.75,
1149,45.0,-77.5,
1150,45.0,-77.25,
1151,45.0,-77.0,
1152,45.0,-76.75,
1153,45.0,-76.5,
1154,45.0,-76.25,
1155,45.0,-76.0,
1156,45.0,-75.75,
1157,45.0,-75.5,
1158,45.0,-75.25,
1159,45.0,-75.0,
1160,45.0,-74.75,
1161,45.0,-74.5,
1162,45.25,-95.0,
1163,45.25,-94.75,
1164,45.25,-94.5,
1165,45.25,-94.25,
1166,45.25,-94.0,
1167,45.25,-93.75,
1168,45.25,-93.5,
1169,45.25,-93.25,
1170,45.25,-93.0,
1171,45.25,-92.75,
1172,45.25,-92.5,
1173,45.25,-92.25,
1174,45.25,-92.0,
1175,45.25,-91.75,
1176,45.25,-91.5,
1177,45.25,-91.25,
1178,45.25,-91.0,
1179,45.25,-90.75,
1180,45.25,-90.5,
1181,45.25,-90.25,
1182,45.25,-90.0,
1183,45.25,-89.75,
1184,45.25,-89.5,
1185,45.25,-89.25,
1186,45.25,-89.0,
1187,45.25,-88.75,
1188,45.25,-88.5,
1189,45.25,-88.25,
1190,45.25,-88.0,
1191,45.25,-87.75,
1192,45.25,-87.5,
1193,45.25,-87.25,
1194,45.25,-87.0,
1195,45.25,-86.75,
1196,45.25,-86.5,
1197,45.25,-86.25,
1198,45.25,-86.0,
1199,45.25,-85.75,
1200,45.25,-85.5,
1201,45.25,-85.25,
1202,45.25,-85.0,
1203,45.25,-84.75,
1204,45.25,-84.5,
1205,45.25,-84.25,
1206,45.25,-84.0,
1207,45.25,-83.75,
1208,45.25,-83.5,
1209,45.25,-83.25,
1210,45.25,-83.0,
1211,45.25,-82.75,
1212,45.25,-82.5,
1213,45.25,-82.25,
1214,45.25,-82.0,
1215,45.25,-81.75,
1216,45.25,-81.5,
1217,45.25,-81.25,
1218,45.25,-81.0,
1219,45.25,-80.75,
1220,45.25,-80.5,
1221,45.25,-80.25,
1222,45.25,-80.0,35.0
1223,45.25,-79.75,
1224,45.25,-79.5,
1225,45.25,-79.25,
1226,45.25,-79.0,
1227,45.25,-78.75,
1228,45.25,-78.5,
1229,45.25,-78.25,
1230,45.25,-78.0,
1231,45.25,-77.75,
1232,45.25,-77.5,
1233,45.25,-77.25,
1234,45.25,-77.0,
1235,45.25,-76.75,
1236,45.25,-76.5,
1237,45.25,-76.25,
1238,45.25,-76.0,
1239,45.25,-75.75,
1240,45.25,-75.5,
1241,45.25,-75.25,
1242,45.25,-75.0,
1243,45.25,-74.75,
1244,45.25,-74.5,
1245,45.5,-95.0,
1246,45.5,-94.75,
1247,45.5,-94.5,
1248,45.5,-94.25,
1249,45.5,-94.0,
1250,45.5,-93.75,
1251,45.5,-93.5,
1252,45.5,-93.25,
1253,45.5,-93.0,
1254,45.5,-92.75,
1255,45.5,-92.5,
1256,45.5,-92.25,
1257,45.5,-92.0,
1258,45.5,-91.75,
1259,45.5,-91.5,
1260,45.5,-91.25,
1261,45.5,-91.0,
1262,45.5,-90.75,
1263,45.5,-90.5,
1264,45.5,-90.25,
1265,45.5,-90.0,
1266,45.5,-89.75,
1267,45.5,-89.5,
1268,45.5,-89.25,
1269,45.5,-89.0,
1270,45.5,-88.75,
1271,45.5,-88.5,
1272,45.5,-88.25,
1273,45.5,-88.0,
1274,45.5,-87.75,
1275,45.5,-87.5,
1276,45.5,-87.25,
1277,45.5,-87.0,
1278,45.5,-86.75,
1279,45.5,-86.5,
1280,45.5,-86.25,
1281,45.5,-86.0,
1282,45.5,-85.75,
1283,45.5,-85.5,
1284,45.5,-85.25,
1285,45.5,-85.0,
1286,45.5,-84.75,
1287,45.5,-84.5,
1288,45.5,-84.25,
1289,45.5,-84.0,
1290,45.5,-83.75,
1291,45.5,-83.5,
1292,45.5,-83.25,
1293,45.5,-83.0,
1294,45.5,-82.75,
1295,45.5,-82.5,
1296,45.5,-82.25,
1297,45.5,-82.0,27.0
1298,45.5,-81.75,27.0
1299,45.5,-81.5,
1300,45.5,-81.25,
1301,45.5,-81.0,
1302,45.5,-80.75,
1303,45.5,-80.5,
1304,45.5,-80.25,35.0
1305,45.5,-80.0,
1306,45.5,-79.75,
1307,45.5,-79.5,
1308,45.5,-79.25,
1309,45.5,-79.0,
1310,45.5,-78.75,
1311,45.5,-78.5,
1312,45.5,-78.25,
1313,45.5,-78.0,
1314,45.5,-77.75,
1315,45.5,-77.5,
1316,45.5,-77.25,
1317,45.5,-77.0,
1318,45.5,-76.75,
1319,45.5,-76.5,
1320,45.5,-76.25,
1321,45.5,-76.0,
1322,45.5,-75.75,
1323,45.5,-75.5,
1324,45.5,-75.25,
1325,45.5,-75.0,
1326,45.5,-74.75,
1327,45.5,-74.5,
1328,45.75,-95.0,
1329,45.75,-94.75,
1330,45.75,-94.5,
1331,45.75,-94.25,
1332,45.75,-94.0,
1333,45.75,-93.75,
1334,45.75,-93.5,
1335,45.75,-93.25,
1336,45.75,-93.0,
1337,45.75,-92.75,
1338,45.75,-92.5,
1339,45.75,-92.25,
1340,45.75,-92.0,
1341,45.75,-91.75,
1342,45.75,-91.5,
1343,45.75,-91.25,
1344,45.75,-91.0,
1345,45.75,-90.75,
1346,45.75,-90.5,
1347,45.75,-90.25,
1348,45.75,-90.0,
1349,45.75,-89.75,
1350,45.75,-89.5,
1351,45.75,-89.25,
1352,45.75,-89.0,
1353,45.75,-88.75,
1354,45.75,-88.5,
1355,45.75,-88.25,
1356,45.75,-88.0,
1357,45.75,-87.75,
1358,45.75,-87.5,
1359,45.75,-87.25,
1360,45.75,-87.0,
1361,45.75,-86.75,
1362,45.75,-86.5,
1363,45.75,-86.25,
1364,45.75,-86.0,
1365,45.75,-85.75,
1366,45.75,-85.5,
1367,45.75,-85.25,
1368,45.75,-85.0,
1369,45.75,-84.75,
1370,45.75,-84.5,
1371,45.75,-84.25,
1372,45.75,-84.0,
1373,45.75,-83.75,
1374,45.75,-83.5,
1375,45.75,-83.25,
1376,45.75,-83.0,
1377,45.75,-82.75,24.0
1378,45.75,-82.5,24.0
1379,45.75,-82.25,27.0
1380,45.75,-82.0,29.0
1381,45.75,-81.75,30.0
1382,45.75,-81.5,
1383,45.75,-81.25,
1384,45.75,-81.0,
1385,45.75,-80.75,
1386,45.75,-80.5,32.0
1387,45.75,-80.25,
1388,45.75,-80.0,
1389,45.75,-79.75,
1390,45.75,-79.5,
1391,45.75,-79.25,
1392,45.75,-79.0,
1393,45.75,-78.75,
1394,45.75,-78.5,
1395,45.75,-78.25,
1396,45.75,-78.0,
1397,45.75,-77.75,
1398,45.75,-77.5,
1399,45.75,-77.25,
1400,45.75,-77.0,
1401,45.75,-76.75,
1402,45.75,-76.5,
1403,45.75,-76.25,
1404,45.75,-76.0,
1405,45.75,-75.75,
1406,45.75,-75.5,
1407,45.75,-75.25,
1408,45.75,-75.0,
1409,45.75,-74.75,
1410,45.75,-74.5,
1411,46.0,-95.0,
1412,46.0,-94.75,
1413,46.0,-94.5,
1414,46.0,-94.25,
1415,46.0,-94.0,
1416,46.0,-93.75,
1417,46.0,-93.5,
1418,46.0,-93.25,
1419,46.0,-93.0,
1420,46.0,-92.75,
1421,46.0,-92.5,
1422,46.0,-92.25,
1423,46.0,-92.0,
1424,46.0,-91.75,
1425,46.0,-91.5,
1426,46.0,-91.25,
1427,46.0,-91.0,
1428,46.0,-90.75,
1429,46.0,-90.5,
1430,46.0,-90.25,
1431,46.0,-90.0,
1432,46.0,-89.75,
1433,46.0,-89.5,
1434,46.0,-89.25,
1435,46.0,-89.0,
1436,46.0,-88.75,
1437,46.0,-88.5,
1438,46.0,-88.25,
1439,46.0,-88.0,
1440,46.0,-87.75,
1441,46.0,-87.5,
1442,46.0,-87.25,
1443,46.0,-87.0,
1444,46.0,-86.75,
1445,46.0,-86.5,
1446,46.0,-86.25,
1447,46.0,-86.0,
1448,46.0,-85.75,
1449,46.0,-85.5,
1450,46.0,-85.25,
1451,46.0,-85.0,
1452,46.0,-84.75,
1453,46.0,-84.5,
1454,46.0,-84.25,
1455,46.0,-84.0,
1456,46.0,-83.75,
1457,46.0,-83.5,
1458,46.0,-83.25,24.0
1459,46.0,-83.0,
1460,46.0,-82.75,25.0
1461,46.0,-82.5,26.0
1462,46.0,-82.25,28.0
1463,46.0,-82.0,29.0
1464,46.0,-81.75,29.0
1465,46.0,-81.5,27.0
1466,46.0,-81.25,27.0
1467,46.0,-81.0,29.0
1468,46.0,-80.75,35.0
1469,46.0,-80.5,
1470,46.0,-80.25,
1471,46.0,-80.0,
1472,46.0,-79.75,
1473,46.0,-79.5,
1474,46.0,-79.25,
1475,46.0,-79.0,
1476,46.0,-78.75,
1477,46.0,-78.5,
1478,46.0,-78.25,
1479,46.0,-78.0,
1480,46.0,-77.75,
1481,46.0,-77.5,
1482,46.0,-77.25,
1483,46.0,-77.0,
1484,46.0,-76.75,
1485,46.0,-76.5,
1486,46.0,-76.25,
1487,46.0,-76.0,
1488,46.0,-75.75,
1489,46.0,-75.5,
1490,46.0,-75.25,
1491,46.0,-75.0,
1492,46.0,-74.75,
1493,46.0,-74.5,
1494,46.25,-95.0,
1495,46.25,-94.75,
1496,46.25,-94.5,
1497,46.25,-94.25,
1498,46.25,-94.0,
1499,46.25,-93.75,
1500,46.25,-93.5,
1501,46.25,-93.25,
1502,46.25,-93.0,
1503,46.25,-92.75,
1504,46.25,-92.5,
1505,46.25,-92.25,
1506,46.25,-92.0,
1507,46.25,-91.75,
1508,46.25,-91.5,
1509,46.25,-91.25,
1510,46.25,-91.0,
1511,46.25,-90.75,
1512,46.25,-90.5,
1513,46.25,-90.25,
1514,46.25,-90.0,
1515,46.25,-89.75,
1516,46.25,-89.5,
1517,46.25,-89.25,
1518,46.25,-89.0,
1519,46.25,-88.75,
1520,46.25,-88.5,
1521,46.25,-88.25,
1522,46.25,-88.0,
1523,46.25,-87.75,
1524,46.25,-87.5,
1525,46.25,-87.25,
1526,46.25,-87.0,
1527,46.25,-86.75,
1528,46.25,-86.5,
1529,46.25,-86.25,
1530,46.25,-86.0,
1531,46.25,-85.75,
1532,46.25,-85.5,
1533,46.25,-85.25,
1534,46.25,-85.0,
1535,46.25,-84.75,
1536,46.25,-84.5,
1537,46.25,-84.25,
1538,46.25,-84.0,
1539,46.25,-83.75,34.0
1540,46.25,-83.5,30.0
1541,46.25,-83.25,29.0
1542,46.25,-83.0,32.0
1543,46.25,-82.75,35.0
1544,46.25,-82.5,
1545,46.25,-82.25,
1546,46.25,-82.0,
1547,46.25,-81.75,
1548,46.25,-81.5,
1549,46.25,-81.25,
1550,46.25,-81.0,
1551,46.25,-80.75,
1552,46.25,-80.5,
1553,46.25,-80.25,
1554,46.25,-80.0,
1555,46.25,-79.75,
1556,46.25,-79.5,
1557,46.25,-79.25,
1558,46.25,-79.0,
1559,46.25,-78.75,
1560,46.25,-78.5,
1561,46.25,-78.25,
1562,46.25,-78.0,
1563,46.25,-77.75,
1564,46.25,-77.5,
1565,46.25,-77.25,
1566,46.25,-77.0,
1567,46.25,-76.75,
1568,46.25,-76.5,
1569,46.25,-76.25,
1570,46.25,-76.0,
1571,46.25,-75.75,
1572,46.25,-75.5,
1573,46.25,-75.25,
1574,46.25,-75.0,
1575,46.25,-74.75,
1576,46.25,-74.5,
1577,46.5,-95.0,
1578,46.5,-94.75,
1579,46.5,-94.5,
1580,46.5,-94.25,
1581,46.5,-94.0,
1582,46.5,-93.75,
1583,46.5,-93.5,
1584,46.5,-93.25,
1585,46.5,-93.0,
1586,46.5,-92.75,
1587,46.5,-92.5,
1588,46.5,-92.25,
1589,46.5,-92.0,
1590,46.5,-91.75,
1591,46.5,-91.5,
1592,46.5,-91.25,
1593,46.5,-91.0,
1594,46.5,-90.75,
1595,46.5,-90.5,
1596,46.5,-90.25,
1597,46.5,-90.0,
1598,46.5,-89.75,
1599,46.5,-89.5,
1600,46.5,-89.25,
1601,46.5,-89.0,
1602,46.5,-88.75,
1603,46.5,-88.5,
1604,46.5,-88.25,
1605,46.5,-88.0,
1606,46.5,-87.75,
1607,46.5,-87.5,
1608,46.5,-87.25,
1609,46.5,-87.0,
1610,46.5,-86.75,
1611,46.5,-86.5,
1612,46.5,-86.25,
1613,46.5,-86.0,
1614,46.5,-85.75,
1615,46.5,-85.5,
1616,46.5,-85.25,
1617,46.5,-85.0,
1618,46.5,-84.75,
1619,46.5,-84.5,
1620,46.5,-84.25,
1621,46.5,-84.0,
1622,46.5,-83.75,
1623,46.5,-83.5,
1624,46.5,-83.25,
1625,46.5,-83.0,
1626,46.5,-82.75,
1627,46.5,-82.5,
1628,46.5,-82.25,
1629,46.5,-82.0,
1630,46.5,-81.75,
1631,46.5,-81.5,
1632,46.5,-81.25,
1633,46.5,-81.0,
1634,46.5,-80.75,
1635,46.5,-80.5,
1636,46.5,-80.25,
1637,46.5,-80.0,
1638,46.5,-79.75,
1639,46.5,-79.5,
1640,46.5,-79.25,
1641,46.5,-79.0,
1642,46.5,-78.75,
1643,46.5,-78.5,
1644,46.5,-78.25,
1645,46.5,-78.0,
1646,46.5,-77.75,
1647,46.5,-77.5,
1648,46.5,-77.25,
1649,46.5,-77.0,
1650,46.5,-76.75,
1651,46.5,-76.5,
1652,46.5,-76.25,
1653,46.5,-76.0,
1654,46.5,-75.75,
1655,46.5,-75.5,
1656,46.5,-75.25,
1657,46.5,-75.0,
1658,46.5,-74.75,
1659,46.5,-74.5,
1660,46.75,-95.0,
1661,46.75,-94.75,
1662,46.75,-94.5,
1663,46.75,-94.25,
1664,46.75,-94.0,
1665,46.75,-93.75,
1666,46.75,-93.5,
1667,46.75,-93.25,
1668,46.75,-93.0,
1669,46.75,-92.75,
1670,46.75,-92.5,
1671,46.75,-92.25,
1672,46.75,-92.0,
1673,46.75,-91.75,
1674,46.75,-91.5,
1675,46.75,-91.25,
1676,46.75,-91.0,
1677,46.75,-90.75,
1678,46.75,-90.5,
1679,46.75,-90.25,
1680,46.75,-90.0,
1681,46.75,-89.75,
1682,46.75,-89.5,
1683,46.75,-89.25,
1684,46.75,-89.0,
1685,46.75,-88.75,
1686,46.75,-88.5,
1687,46.75,-88.25,
1688,46.75,-88.0,
1689,46.75,-87.75,
1690,46.75,-87.5,
1691,46.75,-87.25,
1692,46.75,-87.0,
1693,46.75,-86.75,
1694,46.75,-86.5,
1695,46.75,-86.25,
1696,46.75,-86.0,
1697,46.75,-85.75,
1698,46.75,-85.5,
1699,46.75,-85.25,
1700,46.75,-85.0,
1701,46.75,-84.75,
1702,46.75,-84.5,
1703,46.75,-84.25,
1704,46.75,-84.0,
1705,46.75,-83.75,
1706,46.75,-83.5,
1707,46.75,-83.25,
1708,46.75,-83.0,
1709,46.75,-82.75,
1710,46.75,-82.5,
1711,46.75,-82.25,
1712,46.75,-82.0,
1713,46.75,-81.75,
1714,46.75,-81.5,
1715,46.75,-81.25,
1716,46.75,-81.0,
1717,46.75,-80.75,
1718,46.75,-80.5,
1719,46.75,-80.25,
1720,46.75,-80.0,
1721,46.75,-79.75,
1722,46.75,-79.5,
1723,46.75,-79.25,
1724,46.75,-79.0,
1725,46.75,-78.75,
1726,46.75,-78.5,
1727,46.75,-78.25,
1728,46.75,-78.0,
1729,46.75,-77.75,
1730,46.75,-77.5,
1731,46.75,-77.25,
1732,46.75,-77.0,
1733,46.75,-76.75,
1734,46.75,-76.5,
1735,46.75,-76.25,
1736,46.75,-76.0,
1737,46.75,-75.75,
1738,46.75,-75.5,
1739,46.75,-75.25,
1740,46.75,-75.0,
1741,46.75,-74.75,
1742,46.75,-74.5,
1743,47.0,-95.0,
1744,47.0,-94.75,
1745,47.0,-94.5,
1746,47.0,-94.25,
1747,47.0,-94.0,
1748,47.0,-93.75,
1749,47.0,-93.5,
1750,47.0,-93.25,
1751,47.0,-93.0,
1752,47.0,-92.75,
1753,47.0,-92.5,
1754,47.0,-92.25,
1755,47.0,-92.0,
1756,47.0,-91.75,
1757,47.0,-91.5,
1758,47.0,-91.25,
1759,47.0,-91.0,
1760,47.0,-90.75,
1761,47.0,-90.5,
1762,47.0,-90.25,
1763,47.0,-90.0,
1764,47.0,-89.75,
1765,47.0,-89.5,
1766,47.0,-89.25,
1767,47.0,-89.0,
1768,47.0,-88.75,
1769,47.0,-88.5,
1770,47.0,-88.25,
1771,47.0,-88.0,
1772,47.0,-87.75,
1773,47.0,-87.5,
1774,47.0,-87.25,
1775,47.0,-87.0,
1776,47.0,-86.75,
1777,47.0,-86.5,
1778,47.0,-86.25,
1779,47.0,-86.0,
1780,47.0,-85.75,
1781,47.0,-85.5,
1782,47.0,-85.25,
1783,47.0,-85.0,
1784,47.0,-84.75,28.0
1785,47.0,-84.5,
1786,47.0,-84.25,
1787,47.0,-84.0,
1788,47.0,-83.75,
1789,47.0,-83.5,
1790,47.0,-83.25,
1791,47.0,-83.0,
1792,47.0,-82.75,
1793,47.0,-82.5,
1794,47.0,-82.25,
1795,47.0,-82.0,
1796,47.0,-81.75,
1797,47.0,-81.5,
1798,47.0,-81.25,
1799,47.0,-81.0,
1800,47.0,-80.75,
1801,47.0,-80.5,
1802,47.0,-80.25,
1803,47.0,-80.0,
1804,47.0,-79.75,
1805,47.0,-79.5,
1806,47.0,-79.25,
1807,47.0,-79.0,
1808,47.0,-78.75,
1809,47.0,-78.5,
1810,47.0,-78.25,
1811,47.0,-78.0,
1812,47.0,-77.75,
1813,47.0,-77.5,
1814,47.0,-77.25,
1815,47.0,-77.0,
1816,47.0,-76.75,
1817,47.0,-76.5,
1818,47.0,-76.25,
1819,47.0,-76.0,
1820,47.0,-75.75,
1821,47.0,-75.5,
1822,47.0,-75.25,
1823,47.0,-75.0,
1824,47.0,-74.75,
1825,47.0,-74.5,
1826,47.25,-95.0,
1827,47.25,-94.75,
1828,47.25,-94.5,
1829,47.25,-94.25,
1830,47.25,-94.0,
1831,47.25,-93.75,
1832,47.25,-93.5,
1833,47.25,-93.25,
1834,47.25,-93.0,
1835,47.25,-92.75,
1836,47.25,-92.5,
1837,47.25,-92.25,
1838,47.25,-92.0,
1839,47.25,-91.75,
1840,47.25,-91.5,
1841,47.25,-91.25,
1842,47.25,-91.0,
1843,47.25,-90.75,
1844,47.25,-90.5,
1845,47.25,-90.25,
1846,47.25,-90.0,
1847,47.25,-89.75,
1848,47.25,-89.5,
1849,47.25,-89.25,
1850,47.25,-89.0,
1851,47.25,-88.75,
1852,47.25,-88.5,
1853,47.25,-88.25,
1854,47.25,-88.0,
1855,47.25,-87.75,
1856,47.25,-87.5,
1857,47.25,-87.25,
1858,47.25,-87.0,
1859,47.25,-86.75,
1860,47.25,-86.5,
1861,47.25,-86.25,
1862,47.25,-86.0,
1863,47.25,-85.75,
1864,47.25,-85.5,
1865,47.25,-85.25,
1866,47.25,-85.0,
1867,47.25,-84.75,
1868,47.25,-84.5,
1869,47.25,-84.25,
1870,47.25,-84.0,
1871,47.25,-83.75,
1872,47.25,-83.5,
1873,47.25,-83.25,
1874,47.25,-83.0,
1875,47.25,-82.75,
1876,47.25,-82.5,
1877,47.25,-82.25,
1878,47.25,-82.0,
1879,47.25,-81.75,
1880,47.25,-81.5,
1881,47.25,-81.25,
1882,47.25,-81.0,
1883,47.25,-80.75,
1884,47.25,-80.5,
1885,47.25,-80.25,
1886,47.25,-80.0,
1887,47.25,-79.75,
1888,47.25,-79.5,
1889,47.25,-79.25,
1890,47.25,-79.0,
1891,47.25,-78.75,
1892,47.25,-78.5,
1893,47.25,-78.25,
1894,47.25,-78.0,
1895,47.25,-77.75,
1896,47.25,-77.5,
1897,47.25,-77.25,
1898,47.25,-77.0,
1899,47.25,-76.75,
1900,47.25,-76.5,
1901,47.25,-76.25,
1902,47.25,-76.0,
1903,47.25,-75.75,
1904,47.25,-75.5,
1905,47.25,-75.25,
1906,47.25,-75.0,
1907,47.25,-74.75,
1908,47.25,-74.5,
1909,47.5,-95.0,
1910,47.5,-94.75,
1911,47.5,-94.5,
1912,47.5,-94.25,
1913,47.5,-94.0,
1914,47.5,-93.75,
1915,47.5,-93.5,
1916,47.5,-93.25,
1917,47.5,-93.0,
1918,47.5,-92.75,
1919,47.5,-92.5,
1920,47.5,-92.25,
1921,47.5,-92.0,
1922,47.5,-91.75,
1923,47.5,-91.5,
1924,47.5,-91.25,
1925,47.5,-91.0,
1926,47.5,-90.75,
1927,47.5,-90.5,
1928,47.5,-90.25,
1929,47.5,-90.0,
1930,47.5,-89.75,
1931,47.5,-89.5,
1932,47.5,-89.25,
1933,47.5,-89.0,
1934,47.5,-88.75,
1935,47.5,-88.5,
1936,47.5,-88.25,
1937,47.5,-88.0,
1938,47.5,-87.75,
1939,47.5,-87.5,
1940,47.5,-87.25,
1941,47.5,-87.0,
1942,47.5,-86.75,
1943,47.5,-86.5,
1944,47.5,-86.25,
1945,47.5,-86.0,
1946,47.5,-85.75,
1947,47.5,-85.5,
1948,47.5,-85.25,
1949,47.5,-85.0,
1950,47.5,-84.75,
1951,47.5,-84.5,
1952,47.5,-84.25,
1953,47.5,-84.0,
1954,47.5,-83.75,
1955,47.5,-83.5,
1956,47.5,-83.25,
1957,47.5,-83.0,
1958,47.5,-82.75,
1959,47.5,-82.5,
1960,47.5,-82.25,
1961,47.5,-82.0,
1962,47.5,-81.75,
1963,47.5,-81.5,
1964,47.5,-81.25,
1965,47.5,-81.0,
1966,47.5,-80.75,
1967,47.5,-80.5,
1968,47.5,-80.25,
1969,47.5,-80.0,
1970,47.5,-79.75,
1971,47.5,-79.5,
1972,47.5,-79.25,
1973,47.5,-79.0,
1974,47.5,-78.75,
1975,47.5,-78.5,
1976,47.5,-78.25,
1977,47.5,-78.0,
1978,47.5,-77.75,
1979,47.5,-77.5,
1980,47.5,-77.25,
1981,47.5,-77.0,
1982,47.5,-76.75,
1983,47.5,-76.5,
1984,47.5,-76.25,
1985,47.5,-76.0,
1986,47.5,-75.75,
1987,47.5,-75.5,
1988,47.5,-75.25,
1989,47.5,-75.0,
1990,47.5,-74.75,
1991,47.5,-74.5,
1992,47.75,-95.0,
1993,47.75,-94.75,
1994,47.75,-94.5,
1995,47.75,-94.25,
1996,47.75,-94.0,
1997,47.75,-93.75,
1998,47.75,-93.5,
1999,47.75,-93.25,
2000,47.75,-93.0,
2001,47.75,-92.75,
2002,47.75,-92.5,
2003,47.75,-92.25,
2004,47.75,-92.0,
2005,47.75,-91.75,
2006,47.75,-91.5,
2007,47.75,-91.25,
2008,47.75,-91.0,
2009,47.75,-90.75,
2010,47.75,-90.5,
2011,47.75,-90.25,
2012,47.75,-90.0,
2013,47.75,-89.75,
2014,47.75,-89.5,
2015,47.75,-89.25,
2016,47.75,-89.0,
2017,47.75,-88.75,
2018,47.75,-88.5,
2019,47.75,-88.25,
2020,47.75,-88.0,
2021,47.75,-87.75,
2022,47.75,-87.5,
2023,47.75,-87.25,
2024,47.75,-87.0,
2025,47.75,-86.75,
2026,47.75,-86.5,
2027,47.75,-86.25,
2028,47.75,-86.0,
2029,47.75,-85.75,
2030,47.75,-85.5,
2031,47.75,-85.25,
2032,47.75,-85.0,
2033,47.75,-84.75,
2034,47.75,-84.5,
2035,47.75,-84.25,
2036,47.75,-84.0,
2037,47.75,-83.75,
2038,47.75,-83.5,
2039,47.75,-83.25,
2040,47.75,-83.0,
2041,47.75,-82.75,
2042,47.75,-82.5,
2043,47.75,-82.25,
2044,47.75,-82.0,
2045,47.75,-81.75,
2046,47.75,-81.5,
2047,47.75,-81.25,
2048,47.75,-81.0,
2049,47.75,-80.75,
2050,47.75,-80.5,
2051,47.75,-80.25,
2052,47.75,-80.0,
2053,47.75,-79.75,
2054,47.75,-79.5,
2055,47.75,-79.25,
2056,47.75,-79.0,
2057,47.75,-78.75,
2058,47.75,-78.5,
2059,47.75,-78.25,
2060,47.75,-78.0,
2061,47.75,-77.75,
2062,47.75,-77.5,
2063,47.75,-77.25,
2064,47.75,-77.0,
2065,47.75,-76.75,
2066,47.75,-76.5,
2067,47.75,-76.25,
2068,47.75,-76.0,
2069,47.75,-75.75,
2070,47.75,-75.5,
2071,47.75,-75.25,
2072,47.75,-75.0,
2073,47.75,-74.75,
2074,47.75,-74.5,
2075,48.0,-95.0,
2076,48.0,-94.75,
2077,48.0,-94.5,
2078,48.0,-94.25,
2079,48.0,-94.0,
2080,48.0,-93.75,
2081,48.0,-93.5,
2082,48.0,-93.25,
2083,48.0,-93.0,
2084,48.0,-92.75,
2085,48.0,-92.5,
2086,48.0,-92.25,
2087,48.0,-92.0,
2088,48.0,-91.75,
2089,48.0,-91.5,
2090,48.0,-91.25,
2091,48.0,-91.0,
2092,48.0,-90.75,
2093,48.0,-90.5,
2094,48.0,-90.25,
2095,48.0,-90.0,
2096,48.0,-89.75,34.0
2097,48.0,-89.5,31.0
2098,48.0,-89.25,
2099,48.0,-89.0,
2100,48.0,-88.75,
2101,48.0,-88.5,
2102,48.0,-88.25,
2103,48.0,-88.0,
2104,48.0,-87.75,
2105,48.0,-87.5,
2106,48.0,-87.25,
2107,48.0,-87.0,
2108,48.0,-86.75,
2109,48.0,-86.5,
2110,48.0,-86.25,
2111,48.0,-86.0,
2112,48.0,-85.75,28.0
2113,48.0,-85.5,28.0
2114,48.0,-85.25,29.0
2115,48.0,-85.0,
2116,48.0,-84.75,
2117,48.0,-84.5,
2118,48.0,-84.25,
2119,48.0,-84.0,
2120,48.0,-83.75,
2121,48.0,-83.5,
2122,48.0,-83.25,
2123,48.0,-83.0,
2124,48.0,-82.75,
2125,48.0,-82.5,
2126,48.0,-82.25,
2127,48.0,-82.0,
2128,48.0,-81.75,
2129,48.0,-81.5,
2130,48.0,-81.25,
2131,48.0,-81.0,
2132,48.0,-80.75,
2133,48.0,-80.5,
2134,48.0,-80.25,
2135,48.0,-80.0,
2136,48.0,-79.75,
2137,48.0,-79.5,
2138,48.0,-79.25,
2139,48.0,-79.0,
2140,48.0,-78.75,
2141,48.0,-78.5,
2142,48.0,-78.25,
2143,48.0,-78.0,
2144,48.0,-77.75,
2145,48.0,-77.5,
2146,48.0,-77.25,
2147,48.0,-77.0,
2148,48.0,-76.75,
2149,48.0,-76.5,
2150,48.0,-76.25,
2151,48.0,-76.0,
2152,48.0,-75.75,
2153,48.0,-75.5,
2154,48.0,-75.25,
2155,48.0,-75.0,
2156,48.0,-74.75,
2157,48.0,-74.5,
2158,48.25,-95.0,
2159,48.25,-94.75,
2160,48.25,-94.5,
2161,48.25,-94.25,
2162,48.25,-94.0,
2163,48.25,-93.75,
2164,48.25,-93.5,
2165,48.25,-93.25,
2166,48.25,-93.0,
2167,48.25,-92.75,
2168,48.25,-92.5,
2169,48.25,-92.25,
2170,48.25,-92.0,
2171,48.25,-91.75,
2172,48.25,-91.5,
2173,48.25,-91.25,
2174,48.25,-91.0,
2175,48.25,-90.75,
2176,48.25,-90.5,
2177,48.25,-90.25,
2178,48.25,-90.0,
2179,48.25,-89.75,
2180,48.25,-89.5,
2181,48.25,-89.25,31.0
2182,48.25,-89.0,
2183,48.25,-88.75,
2184,48.25,-88.5,
2185,48.25,-88.25,
2186,48.25,-88.0,
2187,48.25,-87.75,
2188,48.25,-87.5,
2189,48.25,-87.25,
2190,48.25,-87.0,
2191,48.25,-86.75,
2192,48.25,-86.5,
2193,48.25,-86.25,
2194,48.25,-86.0,
2195,48.25,-85.75,
2196,48.25,-85.5,
2197,48.25,-85.25,
2198,48.25,-85.0,
2199,48.25,-84.75,
2200,48.25,-84.5,
2201,48.25,-84.25,
2202,48.25,-84.0,
2203,48.25,-83.75,
2204,48.25,-83.5,
2205,48.25,-83.25,
2206,48.25,-83.0,
2207,48.25,-82.75,
2208,48.25,-82.5,
2209,48.25,-82.25,
2210,48.25,-82.0,
2211,48.25,-81.75,
2212,48.25,-81.5,
2213,48.25,-81.25,
2214,48.25,-81.0,
2215,48.25,-80.75,
2216,48.25,-80.5,
2217,48.25,-80.25,
2218,48.25,-80.0,
2219,48.25,-79.75,
2220,48.25,-79.5,
2221,48.25,-79.25,
2222,48.25,-79.0,
2223,48.25,-78.75,
2224,48.25,-78.5,
2225,48.25,-78.25,
2226,48.25,-78.0,
2227,48.25,-77.75,
2228,48.25,-77.5,
2229,48.25,-77.25,
2230,48.25,-77.0,
2231,48.25,-76.75,
2232,48.25,-76.5,
2233,48.25,-76.25,
2234,48.25,-76.0,
2235,48.25,-75.75,
2236,48.25,-75.5,
2237,48.25,-75.25,
2238,48.25,-75.0,
2239,48.25,-74.75,
2240,48.25,-74.5,
2241,48.5,-95.0,
2242,48.5,-94.75,
2243,48.5,-94.5,
2244,48.5,-94.25,
2245,48.5,-94.0,
2246,48.5,-93.75,
2247,48.5,-93.5,
2248,48.5,-93.25,
2249,48.5,-93.0,
2250,48.5,-92.75,
2251,48.5,-92.5,
2252,48.5,-92.25,
2253,48.5,-92.0,
2254,48.5,-91.75,
2255,48.5,-91.5,
2256,48.5,-91.25,
2257,48.5,-91.0,
2258,48.5,-90.75,
2259,48.5,-90.5,
2260,48.5,-90.25,
2261,48.5,-90.0,
2262,48.5,-89.75,
2263,48.5,-89.5,
2264,48.5,-89.25,
2265,48.5,-89.0,32.0
2266,48.5,-88.75,28.0
2267,48.5,-88.5,25.0
2268,48.5,-88.25,
2269,48.5,-88.0,
2270,48.5,-87.75,
2271,48.5,-87.5,
2272,48.5,-87.25,
2273,48.5,-87.0,
2274,48.5,-86.75,
2275,48.5,-86.5,
2276,48.5,-86.25,30.0
2277,48.5,-86.0,
2278,48.5,-85.75,
2279,48.5,-85.5,
2280,48.5,-85.25,
2281,48.5,-85.0,
2282,48.5,-84.75,
2283,48.5,-84.5,
2284,48.5,-84.25,
2285,48.5,-84.0,
2286,48.5,-83.75,
2287,48.5,-83.5,
2288,48.5,-83.25,
2289,48.5,-83.0,
2290,48.5,-82.75,
2291,48.5,-82.5,
2292,48.5,-82.25,
2293,48.5,-82.0,
2294,48.5,-81.75,
2295,48.5,-81.5,
2296,48.5,-81.25,
2297,48.5,-81.0,
2298,48.5,-80.75,
2299,48.5,-80.5,
2300,48.5,-80.25,
2301,48.5,-80.0,
2302,48.5,-79.75,
2303,48.5,-79.5,
2304,48.5,-79.25,
2305,48.5,-79.0,
2306,48.5,-78.75,
2307,48.5,-78.5,
2308,48.5,-78.25,
2309,48.5,-78.0,
2310,48.5,-77.75,
2311,48.5,-77.5,
2312,48.5,-77.25,
2313,48.5,-77.0,
2314,48.5,-76.75,
2315,48.5,-76.5,
2316,48.5,-76.25,
2317,48.5,-76.0,
2318,48.5,-75.75,
2319,48.5,-75.5,
2320,48.5,-75.25,
2321,48.5,-75.0,
2322,48.5,-74.75,
2323,48.5,-74.5,
2324,48.75,-95.0,
2325,48.75,-94.75,
2326,48.75,-94.5,
2327,48.75,-94.25,
2328,48.75,-94.0,
2329,48.75,-93.75,
2330,48.75,-93.5,
2331,48.75,-93.25,
2332,48.75,-93.0,
2333,48.75,-92.75,
2334,48.75,-92.5,
2335,48.75,-92.25,
2336,48.75,-92.0,
2337,48.75,-91.75,
2338,48.75,-91.5,
2339,48.75,-91.25,
2340,48.75,-91.0,
2341,48.75,-90.75,
2342,48.75,-90.5,
2343,48.75,-90.25,
2344,48.75,-90.0,
2345,48.75,-89.75,
2346,48.75,-89.5,
2347,48.75,-89.25,
2348,48.75,-89.0,
2349,48.75,-88.75,33.0
2350,48.75,-88.5,29.0
2351,48.75,-88.25,28.0
2352,48.75,-88.0,27.0
2353,48.75,-87.75,27.0
2354,48.75,-87.5,
2355,48.75,-87.25,26.0
2356,48.75,-87.0,26.0
2357,48.75,-86.75,27.0
2358,48.75,-86.5,32.0
2359,48.75,-86.25,
2360,48.75,-86.0,
2361,48.75,-85.75,
2362,48.75,-85.5,
2363,48.75,-85.25,
2364,48.75,-85.0,
2365,48.75,-84.75,
2366,48.75,-84.5,
2367,48.75,-84.25,
2368,48.75,-84.0,
2369,48.75,-83.75,
2370,48.75,-83.5,
2371,48.75,-83.25,
2372,48.75,-83.0,
2373,48.75,-82.75,
2374,48.75,-82.5,
2375,48.75,-82.25,
2376,48.75,-82.0,
2377,48.75,-81.75,
2378,48.75,-81.5,
2379,48.75,-81.25,
2380,48.75,-81.0,
2381,48.75,-80.75,
2382,48.75,-80.5,
2383,48.75,-80.25,
2384,48.75,-80.0,
2385,48.75,-79.75,
2386,48.75,-79.5,
2387,48.75,-79.25,
2388,48.75,-79.0,
2389,48.75,-78.75,
2390,48.75,-78.5,
2391,48.75,-78.25,
2392,48.75,-78.0,
2393,48.75,-77.75,
2394,48.75,-77.5,
2395,48.75,-77.25,
2396,48.75,-77.0,
2397,48.75,-76.75,
2398,48.75,-76.5,
2399,48.75,-76.25,
2400,48.75,-76.0,
2401,48.75,-75.75,
2402,48.75,-75.5,
2403,48.75,-75.25,
2404,48.75,-75.0,
2405,48.75,-74.75,
2406,48.75,-74.5,
2407,49.0,-95.0,
2408,49.0,-94.75,
2409,49.0,-94.5,33.0
2410,49.0,-94.25,
2411,49.0,-94.0,
2412,49.0,-93.75,
2413,49.0,-93.5,
2414,49.0,-93.25,
2415,49.0,-93.0,
2416,49.0,-92.75,
2417,49.0,-92.5,
2418,49.0,-92.25,
2419,49.0,-92.0,
2420,49.0,-91.75,
2421,49.0,-91.5,
2422,49.0,-91.25,
2423,49.0,-91.0,
2424,49.0,-90.75,
2425,49.0,-90.5,
2426,49.0,-90.25,
2427,49.0,-90.0,
2428,49.0,-89.75,
2429,49.0,-89.5,
2430,49.0,-89.25,
2431,49.0,-89.0,
2432,49.0,-88.75,
2433,49.0,-88.5,
2434,49.0,-88.25,
2435,49.0,-88.0,
2436,49.0,-87.75,
2437,49.0,-87.5,
2438,49.0,-87.25,
2439,49.0,-87.0,
2440,49.0,-86.75,
2441,49.0,-86.5,
2442,49.0,-86.25,
2443,49.0,-86.0,
2444,49.0,-85.75,
2445,49.0,-85.5,
2446,49.0,-85.25,
2447,49.0,-85.0,
2448,49.0,-84.75,
2449,49.0,-84.5,
2450,49.0,-84.25,
2451,49.0,-84.0,
2452,49.0,-83.75,
2453,49.0,-83.5,
2454,49.0,-83.25,
2455,49.0,-83.0,
2456,49.0,-82.75,
2457,49.0,-82.5,
2458,49.0,-82.25,
2459,49.0,-82.0,
2460,49.0,-81.75,
2461,49.0,-81.5,
2462,49.0,-81.25,
2463,49.0,-81.0,
2464,49.0,-80.75,
2465,49.0,-80.5,
2466,49.0,-80.25,
2467,49.0,-80.0,
2468,49.0,-79.75,
2469,49.0,-79.5,
2470,49.0,-79.25,
2471,49.0,-79.0,
2472,49.0,-78.75,
2473,49.0,-78.5,
2474,49.0,-78.25,
2475,49.0,-78.0,
2476,49.0,-77.75,
2477,49.0,-77.5,
2478,49.0,-77.25,
2479,49.0,-77.0,
2480,49.0,-76.75,
2481,49.0,-76.5,
2482,49.0,-76.25,
2483,49.0,-76.0,
2484,49.0,-75.75,
2485,49.0,-75.5,
2486,49.0,-75.25,
2487,49.0,-75.0,
2488,49.0,-74.75,
2489,49.0,-74.5,
2490,49.25,-95.0,
2491,49.25,-94.75,34.0
2492,49.25,-94.5,34.0
2493,49.25,-94.25,
2494,49.25,-94.0,
2495,49.25,-93.75,
2496,49.25,-93.5,
2497,49.25,-93.25,
2498,49.25,-93.0,
2499,49.25,-92.75,
2500,49.25,-92.5,
2501,49.25,-92.25,
2502,49.25,-92.0,
2503,49.25,-91.75,
2504,49.25,-91.5,
2505,49.25,-91.25,
2506,49.25,-91.0,
2507,49.25,-90.75,
2508,49.25,-90.5,
2509,49.25,-90.25,
2510,49.25,-90.0,
2511,49.25,-89.75,
2512,49.25,-89.5,
2513,49.25,-89.25,
2514,49.25,-89.0,
2515,49.25,-88.75,
2516,49.25,-88.5,
2517,49.25,-88.25,
2518,49.25,-88.0,
2519,49.25,-87.75,
2520,49.25,-87.5,
2521,49.25,-87.25,
2522,49.25,-87.0,
2523,49.25,-86.75,
2524,49.25,-86.5,
2525,49.25,-86.25,
2526,49.25,-86.0,
2527,49.25,-85.75,
2528,49.25,-85.5,
2529,49.25,-85.25,
2530,49.25,-85.0,
2531,49.25,-84.75,
2532,49.25,-84.5,
2533,49.25,-84.25,
2534,49.25,-84.0,
2535,49.25,-83.75,
2536,49.25,-83.5,
2537,49.25,-83.25,
2538,49.25,-83.0,
2539,49.25,-82.75,
2540,49.25,-82.5,
2541,49.25,-82.25,
2542,49.25,-82.0,
2543,49.25,-81.75,
2544,49.25,-81.5,
2545,49.25,-81.25,
2546,49.25,-81.0,
2547,49.25,-80.75,
2548,49.25,-80.5,
2549,49.25,-80.25,
2550,49.25,-80.0,
2551,49.25,-79.75,
2552,49.25,-79.5,
2553,49.25,-79.25,
2554,49.25,-79.0,
2555,49.25,-78.75,
2556,49.25,-78.5,
2557,49.25,-78.25,
2558,49.25,-78.0,
2559,49.25,-77.75,
2560,49.25,-77.5,
2561,49.25,-77.25,
2562,49.25,-77.0,
2563,49.25,-76.75,
2564,49.25,-76.5,
2565,49.25,-76.25,
2566,49.25,-76.0,
2567,49.25,-75.75,
2568,49.25,-75.5,
2569,49.25,-75.25,
2570,49.25,-75.0,
2571,49.25,-74.75,
2572,49.25,-74.5,
2573,49.5,-95.0,
2574,49.5,-94.75,35.0
2575,49.5,-94.5,34.0
2576,49.5,-94.25,
2577,49.5,-94.0,
2578,49.5,-93.75,
2579,49.5,-93.5,
2580,49.5,-93.25,
2581,49.5,-93.0,
2582,49.5,-92.75,
2583,49.5,-92.5,
2584,49.5,-92.25,
2585,49.5,-92.0,
2586,49.5,-91.75,
2587,49.5,-91.5,
2588,49.5,-91.25,
2589,49.5,-91.0,
2590,49.5,-90.75,
2591,49.5,-90.5,
2592,49.5,-90.25,
2593,49.5,-90.0,
2594,49.5,-89.75,
2595,49.5,-89.5,
2596,49.5,-89.25,
2597,49.5,-89.0,
2598,49.5,-88.75,31.0
2599,49.5,-88.5,
2600,49.5,-88.25,
2601,49.5,-88.0,
2602,49.5,-87.75,
2603,49.5,-87.5,
2604,49.5,-87.25,
2605,49.5,-87.0,
2606,49.5,-86.75,
2607,49.5,-86.5,
2608,49.5,-86.25,
2609,49.5,-86.0,
2610,49.5,-85.75,
2611,49.5,-85.5,
2612,49.5,-85.25,
2613,49.5,-85.0,
2614,49.5,-84.75,
2615,49.5,-84.5,
2616,49.5,-84.25,
2617,49.5,-84.0,
2618,49.5,-83.75,
2619,49.5,-83.5,
2620,49.5,-83.25,
2621,49.5,-83.0,
2622,49.5,-82.75,
2623,49.5,-82.5,
2624,49.5,-82.25,
2625,49.5,-82.0,
2626,49.5,-81.75,
2627,49.5,-81.5,
2628,49.5,-81.25,
2629,49.5,-81.0,
2630,49.5,-80.75,
2631,49.5,-80.5,
2632,49.5,-80.25,
2633,49.5,-80.0,
2634,49.5,-79.75,
2635,49.5,-79.5,
2636,49.5,-79.25,
2637,49.5,-79.0,
2638,49.5,-78.75,
2639,49.5,-78.5,
2640,49.5,-78.25,
2641,49.5,-78.0,
2642,49.5,-77.75,
2643,49.5,-77.5,
2644,49.5,-77.25,
2645,49.5,-77.0,
2646,49.5,-76.75,
2647,49.5,-76.5,
2648,49.5,-76.25,
2649,49.5,-76.0,
2650,49.5,-75.75,
2651,49.5,-75.5,
2652,49.5,-75.25,
2653,49.5,-75.0,
2654,49.5,-74.75,
2655,49.5,-74.5,
2656,49.75,-95.0,
2657,49.75,-94.75,
2658,49.75,-94.5,
2659,49.75,-94.25,
2660,49.75,-94.0,
2661,49.75,-93.75,
2662,49.75,-93.5,
2663,49.75,-93.25,
2664,49.75,-93.0,
2665,49.75,-92.75,
2666,49.75,-92.5,
2667,49.75,-92.25,
2668,49.75,-92.0,
2669,49.75,-91.75,
2670,49.75,-91.5,
2671,49.75,-91.25,
2672,49.75,-91.0,
2673,49.75,-90.75,
2674,49.75,-90.5,
2675,49.75,-90.25,
2676,49.75,-90.0,
2677,49.75,-89.75,
2678,49.75,-89.5,
2679,49.75,-89.25,
2680,49.75,-89.0,35.0
2681,49.75,-88.75,
2682,49.75,-88.5,
2683,49.75,-88.25,
2684,49.75,-88.0,
2685,49.75,-87.75,
2686,49.75,-87.5,
2687,49.75,-87.25,
2688,49.75,-87.0,
2689,49.75,-86.75,
2690,49.75,-86.5,
2691,49.75,-86.25,
2692,49.75,-86.0,
2693,49.75,-85.75,
2694,49.75,-85.5,
2695,49.75,-85.25,
2696,49.75,-85.0,
2697,49.75,-84.75,
2698,49.75,-84.5,
2699,49.75,-84.25,
2700,49.75,-84.0,
2701,49.75,-83.75,
2702,49.75,-83.5,
2703,49.75,-83.25,
2704,49.75,-83.0,
2705,49.75,-82.75,
2706,49.75,-82.5,
2707,49.75,-82.25,
2708,49.75,-82.0,
2709,49.75,-81.75,
2710,49.75,-81.5,
2711,49.75,-81.25,
2712,49.75,-81.0,
2713,49.75,-80.75,
2714,49.75,-80.5,
2715,49.75,-80.25,
2716,49.75,-80.0,
2717,49.75,-79.75,
2718,49.75,-79.5,
2719,49.75,-79.25,
2720,49.75,-79.0,
2721,49.75,-78.75,
2722,49.75,-78.5,
2723,49.75,-78.25,
2724,49.75,-78.0,
2725,49.75,-77.75,
2726,49.75,-77.5,
2727,49.75,-77.25,
2728,49.75,-77.0,
2729,49.75,-76.75,
2730,49.75,-76.5,
2731,49.75,-76.25,
2732,49.75,-76.0,
2733,49.75,-75.75,
2734,49.75,-75.5,
2735,49.75,-75.25,
2736,49.75,-75.0,
2737,49.75,-74.75,
2738,49.75,-74.5,
2739,50.0,-95.0,
2740,50.0,-94.75,
2741,50.0,-94.5,
2742,50.0,-94.25,
2743,50.0,-94.0,
2744,50.0,-93.75,
2745,50.0,-93.5,
2746,50.0,-93.25,
2747,50.0,-93.0,
2748,50.0,-92.75,
2749,50.0,-92.5,
2750,50.0,-92.25,
2751,50.0,-92.0,
2752,50.0,-91.75,
2753,50.0,-91.5,
2754,50.0,-91.25,
2755,50.0,-91.0,
2756,50.0,-90.75,
2757,50.0,-90.5,
2758,50.0,-90.25,
2759,50.0,-90.0,
2760,50.0,-89.75,
2761,50.0,-89.5,
2762,50.0,-89.25,
2763,50.0,-89.0,
2764,50.0,-88.75,
2765,50.0,-88.5,
2766,50.0,-88.25,
2767,50.0,-88.0,
2768,50.0,-87.75,
2769,50.0,-87.5,
2770,50.0,-87.25,
2771,50.0,-87.0,
2772,50.0,-86.75,
2773,50.0,-86.5,
2774,50.0,-86.25,
2775,50.0,-86.0,
2776,50.0,-85.75,
2777,50.0,-85.5,
2778,50.0,-85.25,
2779,50.0,-85.0,
2780,50.0,-84.75,
2781,50.0,-84.5,
2782,50.0,-84.25,
2783,50.0,-84.0,
2784,50.0,-83.75,
2785,50.0,-83.5,
2786,50.0,-83.25,
2787,50.0,-83.0,
2788,50.0,-82.75,
2789,50.0,-82.5,
2790,50.0,-82.25,
2791,50.0,-82.0,
2792,50.0,-81.75,
2793,50.0,-81.5,
2794,50.0,-81.25,
2795,50.0,-81.0,
2796,50.0,-80.75,
2797,50.0,-80.5,
2798,50.0,-80.25,
2799,50.0,-80.0,
2800,50.0,-79.75,
2801,50.0,-79.5,
2802,50.0,-79.25,
2803,50.0,-79.0,
2804,50.0,-78.75,
2805,50.0,-78.5,
2806,50.0,-78.25,
2807,50.0,-78.0,
2808,50.0,-77.75,
2809,50.0,-77.5,
2810,50.0,-77.25,
2811,50.0,-77.0,
2812,50.0,-76.75,
2813,50.0,-76.5,
2814,50.0,-76.25,
2815,50.0,-76.0,
2816,50.0,-75.75,
2817,50.0,-75.5,
2818,50.0,-75.25,
2819,50.0,-75.0,
2820,50.0,-74.75,
2821,50.0,-74.5,
2822,50.25,-95.0,
2823,50.25,-94.75,
2824,50.25,-94.5,
2825,50.25,-94.25,
2826,50.25,-94.0,
2827,50.25,-93.75,
2828,50.25,-93.5,
2829,50.25,-93.25,
2830,50.25,-93.0,
2831,50.25,-92.75,
2832,50.25,-92.5,
2833,50.25,-92.25,
2834,50.25,-92.0,
2835,50.25,-91.75,
2836,50.25,-91.5,
2837,50.25,-91.25,
2838,50.25,-91.0,
2839,50.25,-90.75,
2840,50.25,-90.5,
2841,50.25,-90.25,
2842,50.25,-90.0,
2843,50.25,-89.75,
2844,50.25,-89.5,
2845,50.25,-89.25,
2846,50.25,-89.0,
2847,50.25,-88.75,
2848,50.25,-88.5,35.0
2849,50.25,-88.25,35.0
2850,50.25,-88.0,
2851,50.25,-87.75,
2852,50.25,-87.5,
2853,50.25,-87.25,
2854,50.25,-87.0,
2855,50.25,-86.75,
2856,50.25,-86.5,
2857,50.25,-86.25,
2858,50.25,-86.0,
2859,50.25,-85.75,
2860,50.25,-85.5,
2861,50.25,-85.25,
2862,50.25,-85.0,
2863,50.25,-84.75,
2864,50.25,-84.5,
2865,50.25,-84.25,
2866,50.25,-84.0,
2867,50.25,-83.75,
2868,50.25,-83.5,
2869,50.25,-83.25,
2870,50.25,-83.0,
2871,50.25,-82.75,
2872,50.25,-82.5,
2873,50.25,-82.25,
2874,50.25,-82.0,
2875,50.25,-81.75,
2876,50.25,-81.5,
2877,50.25,-81.25,
2878,50.25,-81.0,
2879,50.25,-80.75,
2880,50.25,-80.5,
2881,50.25,-80.25,
2882,50.25,-80.0,
2883,50.25,-79.75,
2884,50.25,-79.5,
2885,50.25,-79.25,
2886,50.25,-79.0,
2887,50.25,-78.75,
2888,50.25,-78.5,
2889,50.25,-78.25,
2890,50.25,-78.0,
2891,50.25,-77.75,
2892,50.25,-77.5,
2893,50.25,-77.25,
2894,50.25,-77.0,
2895,50.25,-76.75,
2896,50.25,-76.5,
2897,50.25,-76.25,
2898,50.25,-76.0,
2899,50.25,-75.75,
2900,50.25,-75.5,
2901,50.25,-75.25,
2902,50.25,-75.0,
2903,50.25,-74.75,
2904,50.25,-74.5,
2905,50.5,-95.0,
2906,50.5,-94.75,
2907,50.5,-94.5,
2908,50.5,-94.25,
2909,50.5,-94.0,
2910,50.5,-93.75,
2911,50.5,-93.5,
2912,50.5,-93.25,
2913,50.5,-93.0,
2914,50.5,-92.75,
2915,50.5,-92.5,
2916,50.5,-92.25,
2917,50.5,-92.0,
2918,50.5,-91.75,
2919,50.5,-91.5,
2920,50.5,-91.25,
2921,50.5,-91.0,
2922,50.5,-90.75,
2923,50.5,-90.5,
2924,50.5,-90.25,
2925,50.5,-90.0,
2926,50.5,-89.75,
2927,50.5,-89.5,
2928,50.5,-89.25,
2929,50.5,-89.0,
2930,50.5,-88.75,
2931,50.5,-88.5,
2932,50.5,-88.25,
2933,50.5,-88.0,
2934,50.5,-87.75,
2935,50.5,-87.5,
2936,50.5,-87.25,
2937,50.5,-87.0,
2938,50.5,-86.75,
2939,50.5,-86.5,
2940,50.5,-86.25,
2941,50.5,-86.0,
2942,50.5,-85.75,
2943,50.5,-85.5,
2944,50.5,-85.25,
2945,50.5,-85.0,
2946,50.5,-84.75,
2947,50.5,-84.5,
2948,50.5,-84.25,
2949,50.5,-84.0,
2950,50.5,-83.75,
2951,50.5,-83.5,
2952,50.5,-83.25,
2953,50.5,-83.0,
2954,50.5,-82.75,
2955,50.5,-82.5,
2956,50.5,-82.25,
2957,50.5,-82.0,
2958,50.5,-81.75,
2959,50.5,-81.5,
2960,50.5,-81.25,
2961,50.5,-81.0,
2962,50.5,-80.75,
2963,50.5,-80.5,
2964,50.5,-80.25,
2965,50.5,-80.0,
2966,50.5,-79.75,
2967,50.5,-79.5,
2968,50.5,-79.25,
2969,50.5,-79.0,
2970,50.5,-78.75,
2971,50.5,-78.5,
2972,50.5,-78.25,
2973,50.5,-78.0,
2974,50.5,-77.75,
2975,50.5,-77.5,
2976,50.5,-77.25,
2977,50.5,-77.0,
2978,50.5,-76.75,
2979,50.5,-76.5,
2980,50.5,-76.25,
2981,50.5,-76.0,
2982,50.5,-75.75,
2983,50.5,-75.5,
2984,50.5,-75.25,
2985,50.5,-75.0,
2986,50.5,-74.75,
2987,50.5,-74.5,
2988,50.75,-95.0,
2989,50.75,-94.75,
2990,50.75,-94.5,
2991,50.75,-94.25,
2992,50.75,-94.0,
2993,50.75,-93.75,
2994,50.75,-93.5,
2995,50.75,-93.25,
2996,50.75,-93.0,
2997,50.75,-92.75,
2998,50.75,-92.5,
2999,50.75,-92.25,
3000,50.75,-92.0,
3001,50.75,-91.75,
3002,50.75,-91.5,
3003,50.75,-91.25,
3004,50.75,-91.0,
3005,50.75,-90.75,
3006,50.75,-90.5,
3007,50.75,-90.25,
3008,50.75,-90.0,
3009,50.75,-89.75,
3010,50.75,-89.5,
3011,50.75,-89.25,
3012,50.75,-89.0,
3013,50.75,-88.75,
3014,50.75,-88.5,
3015,50.75,-88.25,
3016,50.75,-88.0,
3017,50.75,-87.75,
3018,50.75,-87.5,
3019,50.75,-87.25,
3020,50.75,-87.0,
3021,50.75,-86.75,
3022,50.75,-86.5,
3023,50.75,-86.25,
3024,50.75,-86.0,
3025,50.75,-85.75,
3026,50.75,-85.5,
3027,50.75,-85.25,
3028,50.75,-85.0,
3029,50.75,-84.75,
3030,50.75,-84.5,
3031,50.75,-84.25,
3032,50.75,-84.0,
3033,50.75,-83.75,
3034,50.75,-83.5,
3035,50.75,-83.25,
3036,50.75,-83.0,
3037,50.75,-82.75,
3038,50.75,-82.5,
3039,50.75,-82.25,
3040,50.75,-82.0,
3041,50.75,-81.75,
3042,50.75,-81.5,
3043,50.75,-81.25,
3044,50.75,-81.0,
3045,50.75,-80.75,
3046,50.75,-80.5,
3047,50.75,-80.25,
3048,50.75,-80.0,
3049,50.75,-79.75,
3050,50.75,-79.5,
3051,50.75,-79.25,
3052,50.75,-79.0,
3053,50.75,-78.75,
3054,50.75,-78.5,
3055,50.75,-78.25,
3056,50.75,-78.0,
3057,50.75,-77.75,
3058,50.75,-77.5,
3059,50.75,-77.25,
3060,50.75,-77.0,
3061,50.75,-76.75,
3062,50.75,-76.5,
3063,50.75,-76.25,
3064,50.75,-76.0,
3065,50.75,-75.75,
3066,50.75,-75.5,
3067,50.75,-75.25,
3068,50.75,-75.0,
3069,50.75,-74.75,
3070,50.75,-74.5,
3071,51.0,-95.0,
3072,51.0,-94.75,
3073,51.0,-94.5,
3074,51.0,-94.25,
3075,51.0,-94.0,
3076,51.0,-93.75,
3077,51.0,-93.5,
3078,51.0,-93.25,
3079,51.0,-93.0,
3080,51.0,-92.75,
3081,51.0,-92.5,
3082,51.0,-92.25,
3083,51.0,-92.0,
3084,51.0,-91.75,
3085,51.0,-91.5,
3086,51.0,-91.25,
3087,51.0,-91.0,
3088,51.0,-90.75,
3089,51.0,-90.5,
3090,51.0,-90.25,
3091,51.0,-90.0,
3092,51.0,-89.75,
3093,51.0,-89.5,
3094,51.0,-89.25,
3095,51.0,-89.0,
3096,51.0,-88.75,
3097,51.0,-88.5,
3098,51.0,-88.25,
3099,51.0,-88.0,
3100,51.0,-87.75,
3101,51.0,-87.5,
3102,51.0,-87.25,
3103,51.0,-87.0,
3104,51.0,-86.75,
3105,51.0,-86.5,
3106,51.0,-86.25,
3107,51.0,-86.0,
3108,51.0,-85.75,
3109,51.0,-85.5,
3110,51.0,-85.25,
3111,51.0,-85.0,
3112,51.0,-84.75,
3113,51.0,-84.5,
3114,51.0,-84.25,
3115,51.0,-84.0,
3116,51.0,-83.75,
3117,51.0,-83.5,
3118,51.0,-83.25,
3119,51.0,-83.0,
3120,51.0,-82.75,
3121,51.0,-82.5,
3122,51.0,-82.25,
3123,51.0,-82.0,
3124,51.0,-81.75,
3125,51.0,-81.5,
3126,51.0,-81.25,
3127,51.0,-81.0,
3128,51.0,-80.75,
3129,51.0,-80.5,
3130,51.0,-80.25,
3131,51.0,-80.0,
3132,51.0,-79.75,
3133,51.0,-79.5,
3134,51.0,-79.25,
3135,51.0,-79.0,
3136,51.0,-78.75,
3137,51.0,-78.5,
3138,51.0,-78.25,
3139,51.0,-78.0,
3140,51.0,-77.75,
3141,51.0,-77.5,
3142,51.0,-77.25,
3143,51.0,-77.0,
3144,51.0,-76.75,
3145,51.0,-76.5,
3146,51.0,-76.25,
3147,51.0,-76.0,
3148,51.0,-75.75,
3149,51.0,-75.5,
3150,51.0,-75.25,
3151,51.0,-75.0,
3152,51.0,-74.75,
3153,51.0,-74.5,
3154,51.25,-95.0,
3155,51.25,-94.75,
3156,51.25,-94.5,
3157,51.25,-94.25,
3158,51.25,-94.0,
3159,51.25,-93.75,
3160,51.25,-93.5,
3161,51.25,-93.25,
3162,51.25,-93.0,
3163,51.25,-92.75,
3164,51.25,-92.5,
3165,51.25,-92.25,
3166,51.25,-92.0,
3167,51.25,-91.75,
3168,51.25,-91.5,
3169,51.25,-91.25,
3170,51.25,-91.0,
3171,51.25,-90.75,
3172,51.25,-90.5,
3173,51.25,-90.25,
3174,51.25,-90.0,
3175,51.25,-89.75,
3176,51.25,-89.5,
3177,51.25,-89.25,
3178,51.25,-89.0,
3179,51.25,-88.75,
3180,51.25,-88.5,
3181,51.25,-88.25,
3182,51.25,-88.0,
3183,51.25,-87.75,
3184,51.25,-87.5,
3185,51.25,-87.25,
3186,51.25,-87.0,
3187,51.25,-86.75,
3188,51.25,-86.5,
3189,51.25,-86.25,
3190,51.25,-86.0,
3191,51.25,-85.75,
3192,51.25,-85.5,
3193,51.25,-85.25,
3194,51.25,-85.0,
3195,51.25,-84.75,
3196,51.25,-84.5,
3197,51.25,-84.25,
3198,51.25,-84.0,
3199,51.25,-83.75,
3200,51.25,-83.5,
3201,51.25,-83.25,
3202,51.25,-83.0,
3203,51.25,-82.75,
3204,51.25,-82.5,
3205,51.25,-82.25,
3206,51.25,-82.0,
3207,51.25,-81.75,
3208,51.25,-81.5,
3209,51.25,-81.25,
3210,51.25,-81.0,
3211,51.25,-80.75,
3212,51.25,-80.5,
3213,51.25,-80.25,
3214,51.25,-80.0,
3215,51.25,-79.75,
3216,51.25,-79.5,
3217,51.25,-79.25,
3218,51.25,-79.0,
3219,51.25,-78.75,
3220,51.25,-78.5,
3221,51.25,-78.25,
3222,51.25,-78.0,
3223,51.25,-77.75,
3224,51.25,-77.5,
3225,51.25,-77.25,
3226,51.25,-77.0,
3227,51.25,-76.75,
3228,51.25,-76.5,
3229,51.25,-76.25,
3230,51.25,-76.0,
3231,51.25,-75.75,
3232,51.25,-75.5,
3233,51.25,-75.25,
3234,51.25,-75.0,
3235,51.25,-74.75,
3236,51.25,-74.5,
3237,51.5,-95.0,
3238,51.5,-94.75,
3239,51.5,-94.5,
3240,51.5,-94.25,
3241,51.5,-94.0,
3242,51.5,-93.75,
3243,51.5,-93.5,
3244,51.5,-93.25,
3245,51.5,-93.0,
3246,51.5,-92.75,
3247,51.5,-92.5,
3248,51.5,-92.25,
3249,51.5,-92.0,
3250,51.5,-91.75,
3251,51.5,-91.5,
3252,51.5,-91.25,
3253,51.5,-91.0,
3254,51.5,-90.75,
3255,51.5,-90.5,
3256,51.5,-90.25,
3257,51.5,-90.0,
3258,51.5,-89.75,
3259,51.5,-89.5,
3260,51.5,-89.25,
3261,51.5,-89.0,
3262,51.5,-88.75,
3263,51.5,-88.5,
3264,51.5,-88.25,
3265,51.5,-88.0,
3266,51.5,-87.75,
3267,51.5,-87.5,
3268,51.5,-87.25,
3269,51.5,-87.0,
3270,51.5,-86.75,
3271,51.5,-86.5,
3272,51.5,-86.25,
3273,51.5,-86.0,
3274,51.5,-85.75,
3275,51.5,-85.5,
3276,51.5,-85.25,
3277,51.5,-85.0,
3278,51.5,-84.75,
3279,51.5,-84.5,
3280,51.5,-84.25,
3281,51.5,-84.0,
3282,51.5,-83.75,
3283,51.5,-83.5,
3284,51.5,-83.25,
3285,51.5,-83.0,
3286,51.5,-82.75,
3287,51.5,-82.5,
3288,51.5,-82.25,
3289,51.5,-82.0,
3290,51.5,-81.75,
3291,51.5,-81.5,
3292,51.5,-81.25,
3293,51.5,-81.0,
3294,51.5,-80.75,
3295,51.5,-80.5,
3296,51.5,-80.25,
3297,51.5,-80.0,
3298,51.5,-79.75,
3299,51.5,-79.5,
3300,51.5,-79.25,
3301,51.5,-79.0,
3302,51.5,-78.75,
3303,51.5,-78.5,
3304,51.5,-78.25,
3305,51.5,-78.0,
3306,51.5,-77.75,
3307,51.5,-77.5,
3308,51.5,-77.25,
3309,51.5,-77.0,
3310,51.5,-76.75,
3311,51.5,-76.5,
3312,51.5,-76.25,
3313,51.5,-76.0,
3314,51.5,-75.75,
3315,51.5,-75.5,
3316,51.5,-75.25,
3317,51.5,-75.0,
3318,51.5,-74.75,
3319,51.5,-74.5,
3320,51.75,-95.0,
3321,51.75,-94.75,
3322,51.75,-94.5,
3323,51.75,-94.25,
3324,51.75,-94.0,
3325,51.75,-93.75,
3326,51.75,-93.5,
3327,51.75,-93.25,
3328,51.75,-93.0,
3329,51.75,-92.75,
3330,51.75,-92.5,
3331,51.75,-92.25,
3332,51.75,-92.0,
3333,51.75,-91.75,
3334,51.75,-91.5,
3335,51.75,-91.25,
3336,51.75,-91.0,
3337,51.75,-90.75,
3338,51.75,-90.5,
3339,51.75,-90.25,
3340,51.75,-90.0,
3341,51.75,-89.75,
3342,51.75,-89.5,
3343,51.75,-89.25,
3344,51.75,-89.0,
3345,51.75,-88.75,
3346,51.75,-88.5,
3347,51.75,-88.25,
3348,51.75,-88.0,
3349,51.75,-87.75,
3350,51.75,-87.5,
3351,51.75,-87.25,
3352,51.75,-87.0,
3353,51.75,-86.75,
3354,51.75,-86.5,
3355,51.75,-86.25,
3356,51.75,-86.0,
3357,51.75,-85.75,
3358,51.75,-85.5,
3359,51.75,-85.25,
3360,51.75,-85.0,
3361,51.75,-84.75,
3362,51.75,-84.5,
3363,51.75,-84.25,
3364,51.75,-84.0,
3365,51.75,-83.75,
3366,51.75,-83.5,
3367,51.75,-83.25,
3368,51.75,-83.0,
3369,51.75,-82.75,
3370,51.75,-82.5,
3371,51.75,-82.25,
3372,51.75,-82.0,
3373,51.75,-81.75,
3374,51.75,-81.5,
3375,51.75,-81.25,
3376,51.75,-81.0,
3377,51.75,-80.75,
3378,51.75,-80.5,
3379,51.75,-80.25,
3380,51.75,-80.0,
3381,51.75,-79.75,
3382,51.75,-79.5,
3383,51.75,-79.25,
3384,51.75,-79.0,
3385,51.75,-78.75,
3386,51.75,-78.5,
3387,51.75,-78.25,
3388,51.75,-78.0,
3389,51.75,-77.75,
3390,51.75,-77.5,
3391,51.75,-77.25,
3392,51.75,-77.0,
3393,51.75,-76.75,
3394,51.75,-76.5,
3395,51.75,-76.25,
3396,51.75,-76.0,
3397,51.75,-75.75,
3398,51.75,-75.5,
3399,51.75,-75.25,
3400,51.75,-75.0,
3401,51.75,-74.75,
3402,51.75,-74.5,
3403,52.0,-95.0,
3404,52.0,-94.75,
3405,52.0,-94.5,
3406,52.0,-94.25,
3407,52.0,-94.0,
3408,52.0,-93.75,
3409,52.0,-93.5,
3410,52.0,-93.25,
3411,52.0,-93.0,
3412,52.0,-92.75,
3413,52.0,-92.5,
3414,52.0,-92.25,
3415,52.0,-92.0,
3416,52.0,-91.75,
3417,52.0,-91.5,
3418,52.0,-91.25,
3419,52.0,-91.0,
3420,52.0,-90.75,
3421,52.0,-90.5,
3422,52.0,-90.25,
3423,52.0,-90.0,
3424,52.0,-89.75,
3425,52.0,-89.5,
3426,52.0,-89.25,
3427,52.0,-89.0,
3428,52.0,-88.75,
3429,52.0,-88.5,
3430,52.0,-88.25,
3431,52.0,-88.0,
3432,52.0,-87.75,
3433,52.0,-87.5,
3434,52.0,-87.25,
3435,52.0,-87.0,
3436,52.0,-86.75,
3437,52.0,-86.5,
3438,52.0,-86.25,
3439,52.0,-86.0,
3440,52.0,-85.75,
3441,52.0,-85.5,
3442,52.0,-85.25,
3443,52.0,-85.0,
3444,52.0,-84.75,
3445,52.0,-84.5,
3446,52.0,-84.25,
3447,52.0,-84.0,
3448,52.0,-83.75,
3449,52.0,-83.5,
3450,52.0,-83.25,
3451,52.0,-83.0,
3452,52.0,-82.75,
3453,52.0,-82.5,
3454,52.0,-82.25,
3455,52.0,-82.0,
3456,52.0,-81.75,
3457,52.0,-81.5,
3458,52.0,-81.25,
3459,52.0,-81.0,
3460,52.0,-80.75,
3461,52.0,-80.5,
3462,52.0,-80.25,
3463,52.0,-80.0,
3464,52.0,-79.75,
3465,52.0,-79.5,
3466,52.0,-79.25,
3467,52.0,-79.0,
3468,52.0,-78.75,
3469,52.0,-78.5,
3470,52.0,-78.25,
3471,52.0,-78.0,
3472,52.0,-77.75,
3473,52.0,-77.5,
3474,52.0,-77.25,
3475,52.0,-77.0,
3476,52.0,-76.75,
3477,52.0,-76.5,
3478,52.0,-76.25,
3479,52.0,-76.0,
3480,52.0,-75.75,
3481,52.0,-75.5,
3482,52.0,-75.25,
3483,52.0,-75.0,
3484,52.0,-74.75,
3485,52.0,-74.5,
3486,52.25,-95.0,
3487,52.25,-94.75,
3488,52.25,-94.5,
3489,52.25,-94.25,
3490,52.25,-94.0,
3491,52.25,-93.75,
3492,52.25,-93.5,
3493,52.25,-93.25,
3494,52.25,-93.0,
3495,52.25,-92.75,
3496,52.25,-92.5,
3497,52.25,-92.25,
3498,52.25,-92.0,
3499,52.25,-91.75,
3500,52.25,-91.5,
3501,52.25,-91.25,
3502,52.25,-91.0,
3503,52.25,-90.75,
3504,52.25,-90.5,
3505,52.25,-90.25,
3506,52.25,-90.0,
3507,52.25,-89.75,
3508,52.25,-89.5,
3509,52.25,-89.25,
3510,52.25,-89.0,
3511,52.25,-88.75,
3512,52.25,-88.5,
3513,52.25,-88.25,
3514,52.25,-88.0,
3515,52.25,-87.75,
3516,52.25,-87.5,
3517,52.25,-87.25,
3518,52.25,-87.0,
3519,52.25,-86.75,
3520,52.25,-86.5,
3521,52.25,-86.25,
3522,52.25,-86.0,
3523,52.25,-85.75,
3524,52.25,-85.5,
3525,52.25,-85.25,
3526,52.25,-85.0,
3527,52.25,-84.75,
3528,52.25,-84.5,
3529,52.25,-84.25,
3530,52.25,-84.0,
3531,52.25,-83.75,
3532,52.25,-83.5,
3533,52.25,-83.25,
3534,52.25,-83.0,
3535,52.25,-82.75,
3536,52.25,-82.5,
3537,52.25,-82.25,
3538,52.25,-82.0,
3539,52.25,-81.75,
3540,52.25,-81.5,
3541,52.25,-81.25,
3542,52.25,-81.0,
3543,52.25,-80.75,
3544,52.25,-80.5,
3545,52.25,-80.25,
3546,52.25,-80.0,
3547,52.25,-79.75,
3548,52.25,-79.5,
3549,52.25,-79.25,
3550,52.25,-79.0,
3551,52.25,-78.75,
3552,52.25,-78.5,
3553,52.25,-78.25,
3554,52.25,-78.0,
3555,52.25,-77.75,
3556,52.25,-77.5,
3557,52.25,-77.25,
3558,52.25,-77.0,
3559,52.25,-76.75,
3560,52.25,-76.5,
3561,52.25,-76.25,
3562,52.25,-76.0,
3563,52.25,-75.75,
3564,52.25,-75.5,
3565,52.25,-75.25,
3566,52.25,-75.0,
3567,52.25,-74.75,
3568,52.25,-74.5,
3569,52.5,-95.0,
3570,52.5,-94.75,
3571,52.5,-94.5,
3572,52.5,-94.25,
3573,52.5,-94.0,
3574,52.5,-93.75,
3575,52.5,-93.5,
3576,52.5,-93.25,
3577,52.5,-93.0,
3578,52.5,-92.75,
3579,52.5,-92.5,
3580,52.5,-92.25,
3581,52.5,-92.0,
3582,52.5,-91.75,
3583,52.5,-91.5,
3584,52.5,-91.25,
3585,52.5,-91.0,
3586,52.5,-90.75,
3587,52.5,-90.5,
3588,52.5,-90.25,
3589,52.5,-90.0,
3590,52.5,-89.75,
3591,52.5,-89.5,
3592,52.5,-89.25,
3593,52.5,-89.0,
3594,52.5,-88.75,
3595,52.5,-88.5,
3596,52.5,-88.25,
3597,52.5,-88.0,
3598,52.5,-87.75,
3599,52.5,-87.5,
3600,52.5,-87.25,
3601,52.5,-87.0,
3602,52.5,-86.75,
3603,52.5,-86.5,
3604,52.5,-86.25,
3605,52.5,-86.0,
3606,52.5,-85.75,
3607,52.5,-85.5,
3608,52.5,-85.25,
3609,52.5,-85.0,
3610,52.5,-84.75,
3611,52.5,-84.5,
3612,52.5,-84.25,
3613,52.5,-84.0,
3614,52.5,-83.75,
3615,52.5,-83.5,
3616,52.5,-83.25,
3617,52.5,-83.0,
3618,52.5,-82.75,
3619,52.5,-82.5,
3620,52.5,-82.25,
3621,52.5,-82.0,
3622,52.5,-81.75,
3623,52.5,-81.5,
3624,52.5,-81.25,
3625,52.5,-81.0,
3626,52.5,-80.75,
3627,52.5,-80.5,
3628,52.5,-80.25,
3629,52.5,-80.0,
3630,52.5,-79.75,
3631,52.5,-79.5,
3632,52.5,-79.25,
3633,52.5,-79.0,
3634,52.5,-78.75,
3635,52.5,-78.5,
3636,52.5,-78.25,
3637,52.5,-78.0,
3638,52.5,-77.75,
3639,52.5,-77.5,
3640,52.5,-77.25,
3641,52.5,-77.0,
3642,52.5,-76.75,
3643,52.5,-76.5,
3644,52.5,-76.25,
3645,52.5,-76.0,
3646,52.5,-75.75,
3647,52.5,-75.5,
3648,52.5,-75.25,
3649,52.5,-75.0,
3650,52.5,-74.75,
3651,52.5,-74.5,
3652,52.75,-95.0,
3653,52.75,-94.75,
3654,52.75,-94.5,
3655,52.75,-94.25,
3656,52.75,-94.0,
3657,52.75,-93.75,
3658,52.75,-93.5,
3659,52.75,-93.25,
3660,52.75,-93.0,
3661,52.75,-92.75,
3662,52.75,-92.5,
3663,52.75,-92.25,
3664,52.75,-92.0,
3665,52.75,-91.75,
3666,52.75,-91.5,
3667,52.75,-91.25,
3668,52.75,-91.0,
3669,52.75,-90.75,
3670,52.75,-90.5,
3671,52.75,-90.25,
3672,52.75,-90.0,
3673,52.75,-89.75,
3674,52.75,-89.5,
3675,52.75,-89.25,
3676,52.75,-89.0,
3677,52.75,-88.75,
3678,52.75,-88.5,
3679,52.75,-88.25,
3680,52.75,-88.0,
3681,52.75,-87.75,
3682,52.75,-87.5,
3683,52.75,-87.25,
3684,52.75,-87.0,
3685,52.75,-86.75,
3686,52.75,-86.5,
3687,52.75,-86.25,
3688,52.75,-86.0,
3689,52.75,-85.75,
3690,52.75,-85.5,
3691,52.75,-85.25,
3692,52.75,-85.0,
3693,52.75,-84.75,
3694,52.75,-84.5,
3695,52.75,-84.25,
3696,52.75,-84.0,
3697,52.75,-83.75,
3698,52.75,-83.5,
3699,52.75,-83.25,
3700,52.75,-83.0,
3701,52.75,-82.75,
3702,52.75,-82.5,
3703,52.75,-82.25,
3704,52.75,-82.0,
3705,52.75,-81.75,
3706,52.75,-81.5,
3707,52.75,-81.25,
3708,52.75,-81.0,
3709,52.75,-80.75,
3710,52.75,-80.5,
3711,52.75,-80.25,
3712,52.75,-80.0,
3713,52.75,-79.75,
3714,52.75,-79.5,
3715,52.75,-79.25,
3716,52.75,-79.0,
3717,52.75,-78.75,
3718,52.75,-78.5,
3719,52.75,-78.25,
3720,52.75,-78.0,
3721,52.75,-77.75,
3722,52.75,-77.5,
3723,52.75,-77.25,
3724,52.75,-77.0,
3725,52.75,-76.75,
3726,52.75,-76.5,
3727,52.75,-76.25,
3728,52.75,-76.0,
3729,52.75,-75.75,
3730,52.75,-75.5,
3731,52.75,-75.25,
3732,52.75,-75.0,
3733,52.75,-74.75,
3734,52.75,-74.5,
3735,53.0,-95.0,
3736,53.0,-94.75,
3737,53.0,-94.5,
3738,53.0,-94.25,
3739,53.0,-94.0,
3740,53.0,-93.75,
3741,53.0,-93.5,
3742,53.0,-93.25,
3743,53.0,-93.0,
3744,53.0,-92.75,
3745,53.0,-92.5,
3746,53.0,-92.25,
3747,53.0,-92.0,
3748,53.0,-91.75,
3749,53.0,-91.5,
3750,53.0,-91.25,
3751,53.0,-91.0,
3752,53.0,-90.75,
3753,53.0,-90.5,
3754,53.0,-90.25,
3755,53.0,-90.0,
3756,53.0,-89.75,
3757,53.0,-89.5,
3758,53.0,-89.25,
3759,53.0,-89.0,
3760,53.0,-88.75,
3761,53.0,-88.5,
3762,53.0,-88.25,
3763,53.0,-88.0,
3764,53.0,-87.75,
3765,53.0,-87.5,
3766,53.0,-87.25,
3767,53.0,-87.0,
3768,53.0,-86.75,
3769,53.0,-86.5,
3770,53.0,-86.25,
3771,53.0,-86.0,
3772,53.0,-85.75,
3773,53.0,-85.5,
3774,53.0,-85.25,
3775,53.0,-85.0,
3776,53.0,-84.75,
3777,53.0,-84.5,
3778,53.0,-84.25,
3779,53.0,-84.0,
3780,53.0,-83.75,
3781,53.0,-83.5,
3782,53.0,-83.25,
3783,53.0,-83.0,
3784,53.0,-82.75,
3785,53.0,-82.5,
3786,53.0,-82.25,
3787,53.0,-82.0,
3788,53.0,-81.75,
3789,53.0,-81.5,
3790,53.0,-81.25,
3791,53.0,-81.0,
3792,53.0,-80.75,
3793,53.0,-80.5,
3794,53.0,-80.25,
3795,53.0,-80.0,
3796,53.0,-79.75,
3797,53.0,-79.5,
3798,53.0,-79.25,
3799,53.0,-79.0,
3800,53.0,-78.75,
3801,53.0,-78.5,
3802,53.0,-78.25,
3803,53.0,-78.0,
3804,53.0,-77.75,
3805,53.0,-77.5,
3806,53.0,-77.25,
3807,53.0,-77.0,
3808,53.0,-76.75,
3809,53.0,-76.5,
3810,53.0,-76.25,
3811,53.0,-76.0,
3812,53.0,-75.75,
3813,53.0,-75.5,
3814,53.0,-75.25,
3815,53.0,-75.0,
3816,53.0,-74.75,
3817,53.0,-74.5,
3818,53.25,-95.0,
3819,53.25,-94.75,
3820,53.25,-94.5,
3821,53.25,-94.25,
3822,53.25,-94.0,
3823,53.25,-93.75,
3824,53.25,-93.5,
3825,53.25,-93.25,
3826,53.25,-93.0,
3827,53.25,-92.75,
3828,53.25,-92.5,
3829,53.25,-92.25,
3830,53.25,-92.0,
3831,53.25,-91.75,
3832,53.25,-91.5,
3833,53.25,-91.25,
3834,53.25,-91.0,
3835,53.25,-90.75,
3836,53.25,-90.5,
3837,53.25,-90.25,
3838,53.25,-90.0,
3839,53.25,-89.75,
3840,53.25,-89.5,
3841,53.25,-89.25,
3842,53.25,-89.0,
3843,53.25,-88.75,
3844,53.25,-88.5,
3845,53.25,-88.25,
3846,53.25,-88.0,
3847,53.25,-87.75,
3848,53.25,-87.5,
3849,53.25,-87.25,
3850,53.25,-87.0,
3851,53.25,-86.75,
3852,53.25,-86.5,
3853,53.25,-86.25,
3854,53.25,-86.0,
3855,53.25,-85.75,
3856,53.25,-85.5,
3857,53.25,-85.25,
3858,53.25,-85.0,
3859,53.25,-84.75,
3860,53.25,-84.5,
3861,53.25,-84.25,
3862,53.25,-84.0,
3863,53.25,-83.75,
3864,53.25,-83.5,
3865,53.25,-83.25,
3866,53.25,-83.0,
3867,53.25,-82.75,
3868,53.25,-82.5,
3869,53.25,-82.25,
3870,53.25,-82.0,
3871,53.25,-81.75,
3872,53.25,-81.5,
3873,53.25,-81.25,
3874,53.25,-81.0,
3875,53.25,-80.75,
3876,53.25,-80.5,
3877,53.25,-80.25,
3878,53.25,-80.0,
3879,53.25,-79.75,
3880,53.25,-79.5,
3881,53.25,-79.25,
3882,53.25,-79.0,
3883,53.25,-78.75,
3884,53.25,-78.5,
3885,53.25,-78.25,
3886,53.25,-78.0,
3887,53.25,-77.75,
3888,53.25,-77.5,
3889,53.25,-77.25,
3890,53.25,-77.0,
3891,53.25,-76.75,
3892,53.25,-76.5,
3893,53.25,-76.25,
3894,53.25,-76.0,
3895,53.25,-75.75,
3896,53.25,-75.5,
3897,53.25,-75.25,
3898,53.25,-75.0,
3899,53.25,-74.75,
3900,53.25,-74.5,
3901,53.5,-95.0,
3902,53.5,-94.75,
3903,53.5,-94.5,
3904,53.5,-94.25,
3905,53.5,-94.0,
3906,53.5,-93.75,
3907,53.5,-93.5,
3908,53.5,-93.25,
3909,53.5,-93.0,
3910,53.5,-92.75,
3911,53.5,-92.5,
3912,53.5,-92.25,
3913,53.5,-92.0,
3914,53.5,-91.75,
3915,53.5,-91.5,
3916,53.5,-91.25,
3917,53.5,-91.0,
3918,53.5,-90.75,
3919,53.5,-90.5,
3920,53.5,-90.25,
3921,53.5,-90.0,
3922,53.5,-89.75,
3923,53.5,-89.5,
3924,53.5,-89.25,
3925,53.5,-89.0,
3926,53.5,-88.75,
3927,53.5,-88.5,
3928,53.5,-88.25,
3929,53.5,-88.0,
3930,53.5,-87.75,
3931,53.5,-87.5,
3932,53.5,-87.25,
3933,53.5,-87.0,
3934,53.5,-86.75,
3935,53.5,-86.5,
3936,53.5,-86.25,
3937,53.5,-86.0,
3938,53.5,-85.75,
3939,53.5,-85.5,
3940,53.5,-85.25,
3941,53.5,-85.0,
3942,53.5,-84.75,
3943,53.5,-84.5,
3944,53.5,-84.25,
3945,53.5,-84.0,
3946,53.5,-83.75,
3947,53.5,-83.5,
3948,53.5,-83.25,
3949,53.5,-83.0,
3950,53.5,-82.75,
3951,53.5,-82.5,
3952,53.5,-82.25,
3953,53.5,-82.0,
3954,53.5,-81.75,
3955,53.5,-81.5,
3956,53.5,-81.25,
3957,53.5,-81.0,
3958,53.5,-80.75,
3959,53.5,-80.5,
3960,53.5,-80.25,
3961,53.5,-80.0,
3962,53.5,-79.75,
3963,53.5,-79.5,
3964,53.5,-79.25,
3965,53.5,-79.0,
3966,53.5,-78.75,
3967,53.5,-78.5,
3968,53.5,-78.25,
3969,53.5,-78.0,
3970,53.5,-77.75,
3971,53.5,-77.5,
3972,53.5,-77.25,
3973,53.5,-77.0,
3974,53.5,-76.75,
3975,53.5,-76.5,
3976,53.5,-76.25,
3977,53.5,-76.0,
3978,53.5,-75.75,
3979,53.5,-75.5,
3980,53.5,-75.25,
3981,53.5,-75.0,
3982,53.5,-74.75,
3983,53.5,-74.5,
3984,53.75,-95.0,
3985,53.75,-94.75,
3986,53.75,-94.5,
3987,53.75,-94.25,
3988,53.75,-94.0,
3989,53.75,-93.75,
3990,53.75,-93.5,
3991,53.75,-93.25,
3992,53.75,-93.0,
3993,53.75,-92.75,
3994,53.75,-92.5,
3995,53.75,-92.25,
3996,53.75,-92.0,
3997,53.75,-91.75,
3998,53.75,-91.5,
3999,53.75,-91.25,
4000,53.75,-91.0,
4001,53.75,-90.75,
4002,53.75,-90.5,
4003,53.75,-90.25,
4004,53.75,-90.0,
4005,53.75,-89.75,
4006,53.75,-89.5,
4007,53.75,-89.25,
4008,53.75,-89.0,
4009,53.75,-88.75,
4010,53.75,-88.5,
4011,53.75,-88.25,
4012,53.75,-88.0,
4013,53.75,-87.75,
4014,53.75,-87.5,
4015,53.75,-87.25,
4016,53.75,-87.0,
4017,53.75,-86.75,
4018,53.75,-86.5,
4019,53.75,-86.25,
4020,53.75,-86.0,
4021,53.75,-85.75,
4022,53.75,-85.5,
4023,53.75,-85.25,
4024,53.75,-85.0,
4025,53.75,-84.75,
4026,53.75,-84.5,
4027,53.75,-84.25,
4028,53.75,-84.0,
4029,53.75,-83.75,
4030,53.75,-83.5,
4031,53.75,-83.25,
4032,53.75,-83.0,
4033,53.75,-82.75,
4034,53.75,-82.5,
4035,53.75,-82.25,
4036,53.75,-82.0,
4037,53.75,-81.75,
4038,53.75,-81.5,
4039,53.75,-81.25,
4040,53.75,-81.0,
4041,53.75,-80.75,
4042,53.75,-80.5,
4043,53.75,-80.25,
4044,53.75,-80.0,
4045,53.75,-79.75,
4046,53.75,-79.5,
4047,53.75,-79.25,
4048,53.75,-79.0,
4049,53.75,-78.75,
4050,53.75,-78.5,
4051,53.75,-78.25,
4052,53.75,-78.0,
4053,53.75,-77.75,
4054,53.75,-77.5,
4055,53.75,-77.25,
4056,53.75,-77.0,
4057,53.75,-76.75,
4058,53.75,-76.5,
4059,53.75,-76.25,
4060,53.75,-76.0,
4061,53.75,-75.75,
4062,53.75,-75.5,
4063,53.75,-75.25,
4064,53.75,-75.0,
4065,53.75,-74.75,
4066,53.75,-74.5,
4067,54.0,-95.0,
4068,54.0,-94.75,
4069,54.0,-94.5,
4070,54.0,-94.25,
4071,54.0,-94.0,
4072,54.0,-93.75,
4073,54.0,-93.5,
4074,54.0,-93.25,
4075,54.0,-93.0,
4076,54.0,-92.75,
4077,54.0,-92.5,
4078,54.0,-92.25,
4079,54.0,-92.0,
4080,54.0,-91.75,
4081,54.0,-91.5,
4082,54.0,-91.25,
4083,54.0,-91.0,
4084,54.0,-90.75,
4085,54.0,-90.5,
4086,54.0,-90.25,
4087,54.0,-90.0,
4088,54.0,-89.75,
4089,54.0,-89.5,
4090,54.0,-89.25,
4091,54.0,-89.0,
4092,54.0,-88.75,
4093,54.0,-88.5,
4094,54.0,-88.25,
4095,54.0,-88.0,
4096,54.0,-87.75,
4097,54.0,-87.5,
4098,54.0,-87.25,
4099,54.0,-87.0,
4100,54.0,-86.75,
4101,54.0,-86.5,
4102,54.0,-86.25,
4103,54.0,-86.0,
4104,54.0,-85.75,
4105,54.0,-85.5,
4106,54.0,-85.25,
4107,54.0,-85.0,
4108,54.0,-84.75,
4109,54.0,-84.5,
4110,54.0,-84.25,
4111,54.0,-84.0,
4112,54.0,-83.75,
4113,54.0,-83.5,
4114,54.0,-83.25,
4115,54.0,-83.0,
4116,54.0,-82.75,
4117,54.0,-82.5,
4118,54.0,-82.25,
4119,54.0,-82.0,
4120,54.0,-81.75,
4121,54.0,-81.5,
4122,54.0,-81.25,
4123,54.0,-81.0,
4124,54.0,-80.75,
4125,54.0,-80.5,
4126,54.0,-80.25,
4127,54.0,-80.0,
4128,54.0,-79.75,
4129,54.0,-79.5,
4130,54.0,-79.25,
4131,54.0,-79.0,
4132,54.0,-78.75,
4133,54.0,-78.5,
4134,54.0,-78.25,
4135,54.0,-78.0,
4136,54.0,-77.75,
4137,54.0,-77.5,
4138,54.0,-77.25,
4139,54.0,-77.0,
4140,54.0,-76.75,
4141,54.0,-76.5,
4142,54.0,-76.25,
4143,54.0,-76.0,
4144,54.0,-75.75,
4145,54.0,-75.5,
4146,54.0,-75.25,
4147,54.0,-75.0,
4148,54.0,-74.75,
4149,54.0,-74.5,
4150,54.25,-95.0,
4151,54.25,-94.75,
4152,54.25,-94.5,
4153,54.25,-94.25,
4154,54.25,-94.0,
4155,54.25,-93.75,
4156,54.25,-93.5,
4157,54.25,-93.25,
4158,54.25,-93.0,
4159,54.25,-92.75,
4160,54.25,-92.5,
4161,54.25,-92.25,
4162,54.25,-92.0,
4163,54.25,-91.75,
4164,54.25,-91.5,
4165,54.25,-91.25,
4166,54.25,-91.0,
4167,54.25,-90.75,
4168,54.25,-90.5,
4169,54.25,-90.25,
4170,54.25,-90.0,
4171,54.25,-89.75,
4172,54.25,-89.5,
4173,54.25,-89.25,
4174,54.25,-89.0,
4175,54.25,-88.75,
4176,54.25,-88.5,
4177,54.25,-88.25,
4178,54.25,-88.0,
4179,54.25,-87.75,
4180,54.25,-87.5,
4181,54.25,-87.25,
4182,54.25,-87.0,
4183,54.25,-86.75,
4184,54.25,-86.5,
4185,54.25,-86.25,
4186,54.25,-86.0,
4187,54.25,-85.75,
4188,54.25,-85.5,
4189,54.25,-85.25,
4190,54.25,-85.0,
4191,54.25,-84.75,
4192,54.25,-84.5,
4193,54.25,-84.25,
4194,54.25,-84.0,
4195,54.25,-83.75,
4196,54.25,-83.5,
4197,54.25,-83.25,
4198,54.25,-83.0,
4199,54.25,-82.75,
4200,54.25,-82.5,
4201,54.25,-82.25,
4202,54.25,-82.0,
4203,54.25,-81.75,
4204,54.25,-81.5,
4205,54.25,-81.25,
4206,54.25,-81.0,
4207,54.25,-80.75,
4208,54.25,-80.5,
4209,54.25,-80.25,
4210,54.25,-80.0,
4211,54.25,-79.75,
4212,54.25,-79.5,
4213,54.25,-79.25,
4214,54.25,-79.0,
4215,54.25,-78.75,
4216,54.25,-78.5,
4217,54.25,-78.25,
4218,54.25,-78.0,
4219,54.25,-77.75,
4220,54.25,-77.5,
4221,54.25,-77.25,
4222,54.25,-77.0,
4223,54.25,-76.75,
4224,54.25,-76.5,
4225,54.25,-76.25,
4226,54.25,-76.0,
4227,54.25,-75.75,
4228,54.25,-75.5,
4229,54.25,-75.25,
4230,54.25,-75.0,
4231,54.25,-74.75,
4232,54.25,-74.5,
4233,54.5,-95.0,
4234,54.5,-94.75,
4235,54.5,-94.5,
4236,54.5,-94.25,
4237,54.5,-94.0,
4238,54.5,-93.75,
4239,54.5,-93.5,
4240,54.5,-93.25,
4241,54.5,-93.0,
4242,54.5,-92.75,
4243,54.5,-92.5,
4244,54.5,-92.25,
4245,54.5,-92.0,
4246,54.5,-91.75,
4247,54.5,-91.5,
4248,54.5,-91.25,
4249,54.5,-91.0,
4250,54.5,-90.75,
4251,54.5,-90.5,
4252,54.5,-90.25,
4253,54.5,-90.0,
4254,54.5,-89.75,
4255,54.5,-89.5,
4256,54.5,-89.25,
4257,54.5,-89.0,
4258,54.5,-88.75,
4259,54.5,-88.5,
4260,54.5,-88.25,
4261,54.5,-88.0,
4262,54.5,-87.75,
4263,54.5,-87.5,
4264,54.5,-87.25,
4265,54.5,-87.0,
4266,54.5,-86.75,
4267,54.5,-86.5,
4268,54.5,-86.25,
4269,54.5,-86.0,
4270,54.5,-85.75,
4271,54.5,-85.5,
4272,54.5,-85.25,
4273,54.5,-85.0,
4274,54.5,-84.75,
4275,54.5,-84.5,
4276,54.5,-84.25,
4277,54.5,-84.0,
4278,54.5,-83.75,
4279,54.5,-83.5,
4280,54.5,-83.25,
4281,54.5,-83.0,
4282,54.5,-82.75,
4283,54.5,-82.5,
4284,54.5,-82.25,
4285,54.5,-82.0,
4286,54.5,-81.75,
4287,54.5,-81.5,
4288,54.5,-81.25,
4289,54.5,-81.0,
4290,54.5,-80.75,
4291,54.5,-80.5,
4292,54.5,-80.25,
4293,54.5,-80.0,
4294,54.5,-79.75,
4295,54.5,-79.5,
4296,54.5,-79.25,
4297,54.5,-79.0,
4298,54.5,-78.75,
4299,54.5,-78.5,
4300,54.5,-78.25,
4301,54.5,-78.0,
4302,54.5,-77.75,
4303,54.5,-77.5,
4304,54.5,-77.25,
4305,54.5,-77.0,
4306,54.5,-76.75,
4307,54.5,-76.5,
4308,54.5,-76.25,
4309,54.5,-76.0,
4310,54.5,-75.75,
4311,54.5,-75.5,
4312,54.5,-75.25,
4313,54.5,-75.0,
4314,54.5,-74.75,
4315,54.5,-74.5,
4316,54.75,-95.0,
4317,54.75,-94.75,
4318,54.75,-94.5,
4319,54.75,-94.25,
4320,54.75,-94.0,
4321,54.75,-93.75,
4322,54.75,-93.5,
4323,54.75,-93.25,
4324,54.75,-93.0,
4325,54.75,-92.75,
4326,54.75,-92.5,
4327,54.75,-92.25,
4328,54.75,-92.0,
4329,54.75,-91.75,
4330,54.75,-91.5,
4331,54.75,-91.25,
4332,54.75,-91.0,
4333,54.75,-90.75,
4334,54.75,-90.5,
4335,54.75,-90.25,
4336,54.75,-90.0,
4337,54.75,-89.75,
4338,54.75,-89.5,
4339,54.75,-89.25,
4340,54.75,-89.0,
4341,54.75,-88.75,
4342,54.75,-88.5,
4343,54.75,-88.25,
4344,54.75,-88.0,
4345,54.75,-87.75,
4346,54.75,-87.5,
4347,54.75,-87.25,
4348,54.75,-87.0,
4349,54.75,-86.75,
4350,54.75,-86.5,
4351,54.75,-86.25,
4352,54.75,-86.0,
4353,54.75,-85.75,
4354,54.75,-85.5,
4355,54.75,-85.25,
4356,54.75,-85.0,
4357,54.75,-84.75,
4358,54.75,-84.5,
4359,54.75,-84.25,
4360,54.75,-84.0,
4361,54.75,-83.75,
4362,54.75,-83.5,
4363,54.75,-83.25,
4364,54.75,-83.0,
4365,54.75,-82.75,
4366,54.75,-82.5,
4367,54.75,-82.25,
4368,54.75,-82.0,
4369,54.75,-81.75,
4370,54.75,-81.5,
4371,54.75,-81.25,
4372,54.75,-81.0,
4373,54.75,-80.75,
4374,54.75,-80.5,
4375,54.75,-80.25,
4376,54.75,-80.0,
4377,54.75,-79.75,
4378,54.75,-79.5,
4379,54.75,-79.25,
4380,54.75,-79.0,
4381,54.75,-78.75,
4382,54.75,-78.5,
4383,54.75,-78.25,
4384,54.75,-78.0,
4385,54.75,-77.75,
4386,54.75,-77.5,
4387,54.75,-77.25,
4388,54.75,-77.0,
4389,54.75,-76.75,
4390,54.75,-76.5,
4391,54.75,-76.25,
4392,54.75,-76.0,
4393,54.75,-75.75,
4394,54.75,-75.5,
4395,54.75,-75.25,
4396,54.75,-75.0,
4397,54.75,-74.75,
4398,54.75,-74.5,
4399,55.0,-95.0,
4400,55.0,-94.75,
4401,55.0,-94.5,
4402,55.0,-94.25,
4403,55.0,-94.0,
4404,55.0,-93.75,
4405,55.0,-93.5,
4406,55.0,-93.25,
4407,55.0,-93.0,
4408,55.0,-92.75,
4409,55.0,-92.5,
4410,55.0,-92.25,
4411,55.0,-92.0,
4412,55.0,-91.75,
4413,55.0,-91.5,
4414,55.0,-91.25,
4415,55.0,-91.0,
4416,55.0,-90.75,
4417,55.0,-90.5,
4418,55.0,-90.25,
4419,55.0,-90.0,
4420,55.0,-89.75,
4421,55.0,-89.5,
4422,55.0,-89.25,
4423,55.0,-89.0,
4424,55.0,-88.75,
4425,55.0,-88.5,
4426,55.0,-88.25,
4427,55.0,-88.0,
4428,55.0,-87.75,
4429,55.0,-87.5,
4430,55.0,-87.25,
4431,55.0,-87.0,
4432,55.0,-86.75,
4433,55.0,-86.5,
4434,55.0,-86.25,
4435,55.0,-86.0,
4436,55.0,-85.75,
4437,55.0,-85.5,
4438,55.0,-85.25,
4439,55.0,-85.0,
4440,55.0,-84.75,
4441,55.0,-84.5,
4442,55.0,-84.25,
4443,55.0,-84.0,
4444,55.0,-83.75,
4445,55.0,-83.5,
4446,55.0,-83.25,
4447,55.0,-83.0,
4448,55.0,-82.75,
4449,55.0,-82.5,
4450,55.0,-82.25,
4451,55.0,-82.0,
4452,55.0,-81.75,
4453,55.0,-81.5,
4454,55.0,-81.25,
4455,55.0,-81.0,
4456,55.0,-80.75,
4457,55.0,-80.5,
4458,55.0,-80.25,
4459,55.0,-80.0,
4460,55.0,-79.75,
4461,55.0,-79.5,
4462,55.0,-79.25,
4463,55.0,-79.0,
4464,55.0,-78.75,
4465,55.0,-78.5,
4466,55.0,-78.25,
4467,55.0,-78.0,
4468,55.0,-77.75,
4469,55.0,-77.5,
4470,55.0,-77.25,
4471,55.0,-77.0,
4472,55.0,-76.75,
4473,55.0,-76.5,
4474,55.0,-76.25,
4475,55.0,-76.0,
4476,55.0,-75.75,
4477,55.0,-75.5,
4478,55.0,-75.25,
4479,55.0,-75.0,
4480,55.0,-74.75,
4481,55.0,-74.5,
4482,55.25,-95.0,
4483,55.25,-94.75,
4484,55.25,-94.5,
4485,55.25,-94.25,
4486,55.25,-94.0,
4487,55.25,-93.75,
4488,55.25,-93.5,
4489,55.25,-93.25,
4490,55.25,-93.0,
4491,55.25,-92.75,
4492,55.25,-92.5,
4493,55.25,-92.25,
4494,55.25,-92.0,
4495,55.25,-91.75,
4496,55.25,-91.5,
4497,55.25,-91.25,
4498,55.25,-91.0,
4499,55.25,-90.75,
4500,55.25,-90.5,
4501,55.25,-90.25,
4502,55.25,-90.0,
4503,55.25,-89.75,
4504,55.25,-89.5,
4505,55.25,-89.25,
4506,55.25,-89.0,
4507,55.25,-88.75,
4508,55.25,-88.5,
4509,55.25,-88.25,
4510,55.25,-88.0,
4511,55.25,-87.75,
4512,55.25,-87.5,
4513,55.25,-87.25,
4514,55.25,-87.0,
4515,55.25,-86.75,
4516,55.25,-86.5,
4517,55.25,-86.25,
4518,55.25,-86.0,
4519,55.25,-85.75,
4520,55.25,-85.5,
4521,55.25,-85.25,
4522,55.25,-85.0,
4523,55.25,-84.75,
4524,55.25,-84.5,
4525,55.25,-84.25,
4526,55.25,-84.0,
4527,55.25,-83.75,
4528,55.25,-83.5,
4529,55.25,-83.25,
4530,55.25,-83.0,
4531,55.25,-82.75,
4532,55.25,-82.5,
4533,55.25,-82.25,
4534,55.25,-82.0,
4535,55.25,-81.75,
4536,55.25,-81.5,
4537,55.25,-81.25,
4538,55.25,-81.0,
4539,55.25,-80.75,
4540,55.25,-80.5,
4541,55.25,-80.25,
4542,55.25,-80.0,
4543,55.25,-79.75,
4544,55.25,-79.5,
4545,55.25,-79.25,
4546,55.25,-79.0,
4547,55.25,-78.75,
4548,55.25,-78.5,
4549,55.25,-78.25,
4550,55.25,-78.0,
4551,55.25,-77.75,
4552,55.25,-77.5,
4553,55.25,-77.25,
4554,55.25,-77.0,
4555,55.25,-76.75,
4556,55.25,-76.5,
4557,55.25,-76.25,
4558,55.25,-76.0,
4559,55.25,-75.75,
4560,55.25,-75.5,
4561,55.25,-75.25,
4562,55.25,-75.0,
4563,55.25,-74.75,
4564,55.25,-74.5,
4565,55.5,-95.0,
4566,55.5,-94.75,
4567,55.5,-94.5,
4568,55.5,-94.25,
4569,55.5,-94.0,
4570,55.5,-93.75,
4571,55.5,-93.5,
4572,55.5,-93.25,
4573,55.5,-93.0,
4574,55.5,-92.75,
4575,55.5,-92.5,
4576,55.5,-92.25,
4577,55.5,-92.0,
4578,55.5,-91.75,
4579,55.5,-91.5,
4580,55.5,-91.25,
4581,55.5,-91.0,
4582,55.5,-90.75,
4583,55.5,-90.5,
4584,55.5,-90.25,
4585,55.5,-90.0,
4586,55.5,-89.75,
4587,55.5,-89.5,
4588,55.5,-89.25,
4589,55.5,-89.0,
4590,55.5,-88.75,
4591,55.5,-88.5,
4592,55.5,-88.25,
4593,55.5,-88.0,
4594,55.5,-87.75,
4595,55.5,-87.5,
4596,55.5,-87.25,
4597,55.5,-87.0,
4598,55.5,-86.75,
4599,55.5,-86.5,
4600,55.5,-86.25,
4601,55.5,-86.0,
4602,55.5,-85.75,
4603,55.5,-85.5,
4604,55.5,-85.25,
4605,55.5,-85.0,
4606,55.5,-84.75,
4607,55.5,-84.5,
4608,55.5,-84.25,
4609,55.5,-84.0,
4610,55.5,-83.75,
4611,55.5,-83.5,
4612,55.5,-83.25,
4613,55.5,-83.0,
4614,55.5,-82.75,
4615,55.5,-82.5,
4616,55.5,-82.25,
4617,55.5,-82.0,
4618,55.5,-81.75,
4619,55.5,-81.5,
4620,55.5,-81.25,
4621,55.5,-81.0,
4622,55.5,-80.75,
4623,55.5,-80.5,
4624,55.5,-80.25,
4625,55.5,-80.0,
4626,55.5,-79.75,
4627,55.5,-79.5,
4628,55.5,-79.25,
4629,55.5,-79.0,
4630,55.5,-78.75,
4631,55.5,-78.5,
4632,55.5,-78.25,
4633,55.5,-78.0,
4634,55.5,-77.75,
4635,55.5,-77.5,
4636,55.5,-77.25,
4637,55.5,-77.0,
4638,55.5,-76.75,
4639,55.5,-76.5,
4640,55.5,-76.25,
4641,55.5,-76.0,
4642,55.5,-75.75,
4643,55.5,-75.5,
4644,55.5,-75.25,
4645,55.5,-75.0,
4646,55.5,-74.75,
4647,55.5,-74.5,
4648,55.75,-95.0,
4649,55.75,-94.75,
4650,55.75,-94.5,
4651,55.75,-94.25,
4652,55.75,-94.0,
4653,55.75,-93.75,
4654,55.75,-93.5,
4655,55.75,-93.25,
4656,55.75,-93.0,
4657,55.75,-92.75,
4658,55.75,-92.5,
4659,55.75,-92.25,
4660,55.75,-92.0,
4661,55.75,-91.75,
4662,55.75,-91.5,
4663,55.75,-91.25,
4664,55.75,-91.0,
4665,55.75,-90.75,
4666,55.75,-90.5,
4667,55.75,-90.25,
4668,55.75,-90.0,
4669,55.75,-89.75,
4670,55.75,-89.5,
4671,55.75,-89.25,
4672,55.75,-89.0,
4673,55.75,-88.75,
4674,55.75,-88.5,
4675,55.75,-88.25,
4676,55.75,-88.0,
4677,55.75,-87.75,
4678,55.75,-87.5,
4679,55.75,-87.25,
4680,55.75,-87.0,
4681,55.75,-86.75,
4682,55.75,-86.5,
4683,55.75,-86.25,
4684,55.75,-86.0,
4685,55.75,-85.75,
4686,55.75,-85.5,
4687,55.75,-85.25,
4688,55.75,-85.0,
4689,55.75,-84.75,
4690,55.75,-84.5,
4691,55.75,-84.25,
4692,55.75,-84.0,
4693,55.75,-83.75,
4694,55.75,-83.5,
4695,55.75,-83.25,
4696,55.75,-83.0,
4697,55.75,-82.75,
4698,55.75,-82.5,
4699,55.75,-82.25,
4700,55.75,-82.0,
4701,55.75,-81.75,
4702,55.75,-81.5,
4703,55.75,-81.25,
4704,55.75,-81.0,
4705,55.75,-80.75,
4706,55.75,-80.5,
4707,55.75,-80.25,
4708,55.75,-80.0,
4709,55.75,-79.75,
4710,55.75,-79.5,
4711,55.75,-79.25,
4712,55.75,-79.0,
4713,55.75,-78.75,
4714,55.75,-78.5,
4715,55.75,-78.25,
4716,55.75,-78.0,
4717,55.75,-77.75,
4718,55.75,-77.5,
4719,55.75,-77.25,
4720,55.75,-77.0,
4721,55.75,-76.75,
4722,55.75,-76.5,
4723,55.75,-76.25,
4724,55.75,-76.0,
4725,55.75,-75.75,
4726,55.75,-75.5,
4727,55.75,-75.25,
4728,55.75,-75.0,
4729,55.75,-74.75,
4730,55.75,-74.5,
4731,56.0,-95.0,
4732,56.0,-94.75,
4733,56.0,-94.5,
4734,56.0,-94.25,
4735,56.0,-94.0,
4736,56.0,-93.75,
4737,56.0,-93.5,
4738,56.0,-93.25,
4739,56.0,-93.0,
4740,56.0,-92.75,
4741,56.0,-92.5,
4742,56.0,-92.25,
4743,56.0,-92.0,
4744,56.0,-91.75,
4745,56.0,-91.5,
4746,56.0,-91.25,
4747,56.0,-91.0,
4748,56.0,-90.75,
4749,56.0,-90.5,
4750,56.0,-90.25,
4751,56.0,-90.0,
4752,56.0,-89.75,
4753,56.0,-89.5,
4754,56.0,-89.25,
4755,56.0,-89.0,
4756,56.0,-88.75,
4757,56.0,-88.5,
4758,56.0,-88.25,
4759,56.0,-88.0,
4760,56.0,-87.75,
4761,56.0,-87.5,
4762,56.0,-87.25,
4763,56.0,-87.0,
4764,56.0,-86.75,
4765,56.0,-86.5,
4766,56.0,-86.25,
4767,56.0,-86.0,
4768,56.0,-85.75,
4769,56.0,-85.5,
4770,56.0,-85.25,
4771,56.0,-85.0,
4772,56.0,-84.75,
4773,56.0,-84.5,
4774,56.0,-84.25,
4775,56.0,-84.0,
4776,56.0,-83.75,
4777,56.0,-83.5,
4778,56.0,-83.25,
4779,56.0,-83.0,
4780,56.0,-82.75,
4781,56.0,-82.5,
4782,56.0,-82.25,
4783,56.0,-82.0,
4784,56.0,-81.75,
4785,56.0,-81.5,
4786,56.0,-81.25,
4787,56.0,-81.0,
4788,56.0,-80.75,
4789,56.0,-80.5,
4790,56.0,-80.25,
4791,56.0,-80.0,
4792,56.0,-79.75,
4793,56.0,-79.5,
4794,56.0,-79.25,
4795,56.0,-79.0,
4796,56.0,-78.75,
4797,56.0,-78.5,
4798,56.0,-78.25,
4799,56.0,-78.0,
4800,56.0,-77.75,
4801,56.0,-77.5,
4802,56.0,-77.25,
4803,56.0,-77.0,
4804,56.0,-76.75,
4805,56.0,-76.5,
4806,56.0,-76.25,
4807,56.0,-76.0,
4808,56.0,-75.75,
4809,56.0,-75.5,
4810,56.0,-75.25,
4811,56.0,-75.0,
4812,56.0,-74.75,
4813,56.0,-74.5,
4814,56.25,-95.0,
4815,56.25,-94.75,
4816,56.25,-94.5,
4817,56.25,-94.25,
4818,56.25,-94.0,
4819,56.25,-93.75,
4820,56.25,-93.5,
4821,56.25,-93.25,
4822,56.25,-93.0,
4823,56.25,-92.75,
4824,56.25,-92.5,
4825,56.25,-92.25,
4826,56.25,-92.0,
4827,56.25,-91.75,
4828,56.25,-91.5,
4829,56.25,-91.25,
4830,56.25,-91.0,
4831,56.25,-90.75,
4832,56.25,-90.5,
4833,56.25,-90.25,
4834,56.25,-90.0,
4835,56.25,-89.75,
4836,56.25,-89.5,
4837,56.25,-89.25,
4838,56.25,-89.0,
4839,56.25,-88.75,
4840,56.25,-88.5,
4841,56.25,-88.25,
4842,56.25,-88.0,
4843,56.25,-87.75,
4844,56.25,-87.5,
4845,56.25,-87.25,
4846,56.25,-87.0,
4847,56.25,-86.75,
4848,56.25,-86.5,
4849,56.25,-86.25,
4850,56.25,-86.0,
4851,56.25,-85.75,
4852,56.25,-85.5,
4853,56.25,-85.25,
4854,56.25,-85.0,
4855,56.25,-84.75,
4856,56.25,-84.5,
4857,56.25,-84.25,
4858,56.25,-84.0,
4859,56.25,-83.75,
4860,56.25,-83.5,
4861,56.25,-83.25,
4862,56.25,-83.0,
4863,56.25,-82.75,
4864,56.25,-82.5,
4865,56.25,-82.25,
4866,56.25,-82.0,
4867,56.25,-81.75,
4868,56.25,-81.5,
4869,56.25,-81.25,
4870,56.25,-81.0,
4871,56.25,-80.75,
4872,56.25,-80.5,
4873,56.25,-80.25,
4874,56.25,-80.0,
4875,56.25,-79.75,
4876,56.25,-79.5,
4877,56.25,-79.25,
4878,56.25,-79.0,
4879,56.25,-78.75,
4880,56.25,-78.5,
4881,56.25,-78.25,
4882,56.25,-78.0,
4883,56.25,-77.75,
4884,56.25,-77.5,
4885,56.25,-77.25,
4886,56.25,-77.0,
4887,56.25,-76.75,
4888,56.25,-76.5,
4889,56.25,-76.25,
4890,56.25,-76.0,
4891,56.25,-75.75,
4892,56.25,-75.5,
4893,56.25,-75.25,
4894,56.25,-75.0,
4895,56.25,-74.75,
4896,56.25,-74.5,
4897,56.5,-95.0,
4898,56.5,-94.75,
4899,56.5,-94.5,
4900,56.5,-94.25,
4901,56.5,-94.0,
4902,56.5,-93.75,
4903,56.5,-93.5,
4904,56.5,-93.25,
4905,56.5,-93.0,
4906,56.5,-92.75,
4907,56.5,-92.5,
4908,56.5,-92.25,
4909,56.5,-92.0,
4910,56.5,-91.75,
4911,56.5,-91.5,
4912,56.5,-91.25,
4913,56.5,-91.0,
4914,56.5,-90.75,
4915,56.5,-90.5,
4916,56.5,-90.25,
4917,56.5,-90.0,
4918,56.5,-89.75,
4919,56.5,-89.5,
4920,56.5,-89.25,
4921,56.5,-89.0,
4922,56.5,-88.75,
4923,56.5,-88.5,
4924,56.5,-88.25,
4925,56.5,-88.0,
4926,56.5,-87.75,
4927,56.5,-87.5,
4928,56.5,-87.25,
4929,56.5,-87.0,
4930,56.5,-86.75,
4931,56.5,-86.5,
4932,56.5,-86.25,
4933,56.5,-86.0,
4934,56.5,-85.75,
4935,56.5,-85.5,
4936,56.5,-85.25,
4937,56.5,-85.0,
4938,56.5,-84.75,
4939,56.5,-84.5,
4940,56.5,-84.25,
4941,56.5,-84.0,
4942,56.5,-83.75,
4943,56.5,-83.5,
4944,56.5,-83.25,
4945,56.5,-83.0,
4946,56.5,-82.75,
4947,56.5,-82.5,
4948,56.5,-82.25,
4949,56.5,-82.0,
4950,56.5,-81.75,
4951,56.5,-81.5,
4952,56.5,-81.25,
4953,56.5,-81.0,
4954,56.5,-80.75,
4955,56.5,-80.5,
4956,56.5,-80.25,
4957,56.5,-80.0,
4958,56.5,-79.75,
4959,56.5,-79.5,
4960,56.5,-79.25,
4961,56.5,-79.0,
4962,56.5,-78.75,
4963,56.5,-78.5,
4964,56.5,-78.25,
4965,56.5,-78.0,
4966,56.5,-77.75,
4967,56.5,-77.5,
4968,56.5,-77.25,
4969,56.5,-77.0,
4970,56.5,-76.75,
4971,56.5,-76.5,
4972,56.5,-76.25,
4973,56.5,-76.0,
4974,56.5,-75.75,
4975,56.5,-75.5,
4976,56.5,-75.25,
4977,56.5,-75.0,
4978,56.5,-74.75,
4979,56.5,-74.5,
4980,56.75,-95.0,
4981,56.75,-94.75,
4982,56.75,-94.5,
4983,56.75,-94.25,
4984,56.75,-94.0,
4985,56.75,-93.75,
4986,56.75,-93.5,
4987,56.75,-93.25,
4988,56.75,-93.0,
4989,56.75,-92.75,
4990,56.75,-92.5,
4991,56.75,-92.25,
4992,56.75,-92.0,
4993,56.75,-91.75,
4994,56.75,-91.5,
4995,56.75,-91.25,
4996,56.75,-91.0,
4997,56.75,-90.75,
4998,56.75,-90.5,
4999,56.75,-90.25,
5000,56.75,-90.0,
5001,56.75,-89.75,
5002,56.75,-89.5,
5003,56.75,-89.25,
5004,56.75,-89.0,
5005,56.75,-88.75,
5006,56.75,-88.5,
5007,56.75,-88.25,
5008,56.75,-88.0,
5009,56.75,-87.75,
5010,56.75,-87.5,
5011,56.75,-87.25,
5012,56.75,-87.0,
5013,56.75,-86.75,
5014,56.75,-86.5,
5015,56.75,-86.25,
5016,56.75,-86.0,
5017,56.75,-85.75,
5018,56.75,-85.5,
5019,56.75,-85.25,
5020,56.75,-85.0,
5021,56.75,-84.75,
5022,56.75,-84.5,
5023,56.75,-84.25,
5024,56.75,-84.0,
5025,56.75,-83.75,
5026,56.75,-83.5,
5027,56.75,-83.25,
5028,56.75,-83.0,
5029,56.75,-82.75,
5030,56.75,-82.5,
5031,56.75,-82.25,
5032,56.75,-82.0,
5033,56.75,-81.75,
5034,56.75,-81.5,
5035,56.75,-81.25,
5036,56.75,-81.0,
5037,56.75,-80.75,
5038,56.75,-80.5,
5039,56.75,-80.25,
5040,56.75,-80.0,
5041,56.75,-79.75,
5042,56.75,-79.5,
5043,56.75,-79.25,
5044,56.75,-79.0,
5045,56.75,-78.75,
5046,56.75,-78.5,
5047,56.75,-78.25,
5048,56.75,-78.0,
5049,56.75,-77.75,
5050,56.75,-77.5,
5051,56.75,-77.25,
5052,56.75,-77.0,
5053,56.75,-76.75,
5054,56.75,-76.5,
5055,56.75,-76.25,
5056,56.75,-76.0,
5057,56.75,-75.75,
5058,56.75,-75.5,
5059,56.75,-75.25,
5060,56.75,-75.0,
5061,56.75,-74.75,
5062,56.75,-74.5,
